sku;arima_order;sarima_order;sarima_seasonal_order;sarima_PDQ_todos_zeros;aic_arima;aic_sarima;previsoes_arima_sarima_identicas;max_abs_diff_previsao_arima_sarima;rmse_entre_vetores_previsao_arima_sarima;teste_constante;cv_teste;range_teste
811077;(0, 1, 0);(0, 1, 0);(0, 0, 0, 30);True;1888.577358695161;1888.577358695161;True;0.0;0.0;False;103.72377109252812;60.0
0914;(0, 1, 0);(0, 1, 0);(0, 0, 0, 30);True;3506.975066842898;3506.975066842898;True;0.0;0.0;False;72.65804466562237;130.0
MK440;(0, 1, 0);(0, 1, 0);(0, 0, 0, 30);True;121.60410018057915;121.60410018057915;True;0.0;0.0;False;11.034443733247674;1.0
0904;(0, 1, 0);(0, 1, 0);(0, 0, 0, 30);True;2472.4119773493703;2472.4119773493703;True;0.0;0.0;False;31.096340590502887;30.0
7531;(0, 1, 0);(0, 1, 0);(0, 0, 0, 30);True;3753.4240978398584;3753.4240978398584;True;0.0;0.0;False;102.26080791172795;112.0
MK420;(0, 1, 0);(0, 1, 0);(0, 0, 0, 30);True;2459.457162365262;2459.457162365262;True;0.0;0.0;False;8.770670149122882;10.0
792489;(0, 1, 1);(0, 1, 1);(0, 0, 0, 30);True;2510.121036963839;2510.121036963839;True;0.0;0.0;False;42.6553155615215;48.0
0910;(0, 1, 0);(0, 1, 0);(0, 0, 0, 30);True;3342.1438929385763;3342.1438929385763;True;0.0;0.0;False;52.82529727654883;100.0
7535;(0, 1, 0);(0, 1, 0);(0, 0, 0, 30);True;2522.1417193566836;2522.1417193566836;True;0.0;0.0;False;54.316260366643675;35.0
MK418;(0, 1, 0);(0, 1, 0);(0, 0, 0, 30);True;-237.79227944707927;-237.79227944707927;True;0.0;0.0;True;0.0;0.0
7710;(0, 1, 0);(0, 1, 0);(0, 0, 0, 30);True;865.1459799973536;865.1459799973536;True;0.0;0.0;True;0.0;0.0
MK211;(0, 1, 0);(0, 1, 0);(0, 0, 0, 30);True;788.9539912698458;788.9539912698458;True;0.0;0.0;True;0.0;0.0
7261;(0, 1, 1);(0, 1, 1);(0, 0, 0, 30);True;2463.462738926248;2463.462738926248;True;0.0;0.0;False;133.67250486915302;5.0
792423;(0, 1, 0);(0, 1, 0);(0, 0, 0, 30);True;172.07178717699134;172.07178717699134;True;0.0;0.0;True;0.0;0.0
MK328;(0, 1, 0);(0, 1, 0);(0, 0, 0, 30);True;-266.8314732789231;-266.8314732789231;True;0.0;0.0;True;0.0;0.0
2157;(0, 1, 0);(0, 1, 0);(0, 0, 0, 30);True;865.145979997354;865.145979997354;True;0.0;0.0;True;0.0;0.0
7705;(0, 1, 0);(0, 1, 0);(0, 0, 0, 30);True;785.6390991472977;785.6390991472977;True;0.0;0.0;True;0.0;0.0
MK363;(0, 1, 0);(0, 1, 0);(0, 0, 0, 30);True;397.2035255795873;397.2035255795873;True;0.0;0.0;True;0.0;0.0
7533;(0, 1, 0);(0, 1, 0);(0, 0, 0, 30);True;3572.10463982473;3572.10463982473;True;0.0;0.0;False;60.574518029920654;96.0
791655;(0, 1, 0);(0, 1, 0);(0, 0, 0, 30);True;411.9431500809217;411.9431500809217;True;0.0;0.0;True;0.0;0.0
2159;(0, 1, 0);(0, 1, 0);(0, 0, 0, 30);True;2786.193013769205;2786.193013769205;True;0.0;0.0;True;0.0;0.0
MK348;(0, 1, 0);(0, 1, 0);(0, 0, 0, 30);True;1791.5682361864228;1791.5682361864228;True;0.0;0.0;True;0.0;0.0
7709;(0, 1, 0);(0, 1, 0);(0, 0, 0, 30);True;785.6390991473004;785.6390991473004;True;0.0;0.0;True;0.0;0.0
7359;(0, 1, 0);(0, 1, 0);(0, 0, 0, 30);True;473.17533503416126;473.17533503416126;True;0.0;0.0;True;0.0;0.0
791658;(0, 1, 0);(0, 1, 0);(0, 0, 0, 30);True;404.6300309302874;404.6300309302874;True;0.0;0.0;True;0.0;0.0
MK417;(0, 1, 0);(0, 1, 0);(0, 0, 0, 30);True;801.9888091982356;801.9888091982356;True;0.0;0.0;True;0.0;0.0
MK379;(0, 1, 0);(0, 1, 0);(0, 0, 0, 30);True;-237.79227944707932;-237.79227944707932;True;0.0;0.0;False;17.97987380570191;1.0
2863;(1, 1, 1);(1, 1, 1);(0, 0, 0, 30);True;2840.741130406014;2840.741130406014;True;0.0;0.0;False;43.892464285393515;4.0
791937;(0, 1, 0);(0, 1, 0);(0, 0, 0, 30);True;297.7442698520608;297.7442698520608;True;0.0;0.0;True;0.0;0.0
7394;(0, 1, 0);(0, 1, 0);(0, 0, 0, 30);True;990.8184626772547;990.8184626772547;True;0.0;0.0;True;0.0;0.0
2803;(0, 1, 0);(0, 1, 0);(0, 0, 0, 30);True;426.2427194296036;426.2427194296036;True;0.0;0.0;True;0.0;0.0
791677;(0, 1, 0);(0, 1, 0);(0, 0, 0, 30);True;785.6390991472977;785.6390991472977;True;0.0;0.0;True;0.0;0.0
MK383-1;(0, 1, 0);(0, 1, 0);(0, 0, 0, 30);True;686.1798434189043;686.1798434189043;True;0.0;0.0;True;0.0;0.0
792530;(0, 1, 0);(0, 1, 0);(0, 0, 0, 30);True;527.4597752965838;527.4597752965838;True;0.0;0.0;True;0.0;0.0
792504;(0, 1, 0);(0, 1, 0);(0, 0, 0, 30);True;1119.3169122561367;1119.3169122561367;True;0.0;0.0;True;0.0;0.0
MK308;(0, 1, 0);(0, 1, 0);(0, 0, 0, 30);True;533.1284805094667;533.1284805094667;True;0.0;0.0;True;0.0;0.0
792413;(0, 1, 0);(0, 1, 0);(0, 0, 0, 30);True;923.4388118515585;923.4388118515585;True;0.0;0.0;True;0.0;0.0
791934;(0, 2, 1);(0, 2, 1);(0, 0, 0, 30);True;1412.4728191195409;1412.4728191195409;True;0.0;0.0;True;0.0;0.0
791829;(0, 1, 0);(0, 1, 0);(0, 0, 0, 30);True;839.0912194778623;839.0912194778623;True;0.0;0.0;True;0.0;0.0
MK451;(0, 1, 0);(0, 1, 0);(0, 0, 0, 30);True;-266.8314732789231;-266.8314732789231;True;0.0;0.0;True;0.0;0.0
MK434;(0, 1, 0);(0, 1, 0);(0, 0, 0, 30);True;785.6390991472977;785.6390991472977;True;0.0;0.0;True;0.0;0.0
MK165;(0, 1, 0);(0, 1, 0);(0, 0, 0, 30);True;785.6390991472977;785.6390991472977;True;0.0;0.0;True;0.0;0.0
MK413;(0, 1, 0);(0, 1, 0);(0, 0, 0, 30);True;785.6390991472977;785.6390991472977;True;0.0;0.0;True;0.0;0.0
811075;(0, 1, 0);(0, 1, 0);(0, 0, 0, 30);True;1579.9303478465783;1579.9303478465783;True;0.0;0.0;True;0.0;0.0
MK442;(0, 1, 0);(0, 1, 0);(0, 0, 0, 30);True;785.6390991472977;785.6390991472977;True;0.0;0.0;True;0.0;0.0
MK161;(0, 1, 0);(0, 1, 0);(0, 0, 0, 30);True;-266.8314732789231;-266.8314732789231;True;0.0;0.0;True;0.0;0.0
MK336;(0, 1, 0);(0, 1, 0);(0, 0, 0, 30);True;-266.8314732789231;-266.8314732789231;True;0.0;0.0;True;0.0;0.0
MK264;(0, 1, 0);(0, 1, 0);(0, 0, 0, 30);True;601.2979509337491;601.2979509337491;True;0.0;0.0;True;0.0;0.0
10778;(0, 1, 0);(0, 1, 0);(0, 0, 0, 30);True;147.50229916698626;147.50229916698626;True;0.0;0.0;True;0.0;0.0
792417;(0, 1, 0);(0, 1, 0);(0, 0, 0, 30);True;2105.5316168152413;2105.5316168152413;True;0.0;0.0;True;0.0;0.0
MK430;(0, 1, 0);(0, 1, 0);(0, 0, 0, 30);True;-210.4133992319661;-210.4133992319661;True;0.0;0.0;True;0.0;0.0
792466;(0, 1, 0);(0, 1, 0);(0, 0, 0, 30);True;615.7412562182984;615.7412562182984;True;0.0;0.0;False;4.961440270396174;1.0
991;(0, 1, 0);(0, 1, 0);(0, 0, 0, 30);True;897.8177317600444;897.8177317600444;True;0.0;0.0;True;0.0;0.0
MK414;(0, 1, 0);(0, 1, 0);(0, 0, 0, 30);True;2459.961957437801;2459.961957437801;True;0.0;0.0;False;12.645185973240903;8.0
2922;(0, 1, 0);(0, 1, 0);(0, 0, 0, 30);True;1367.305847418128;1367.305847418128;True;0.0;0.0;False;1.9616608121324413;1.0
790738;(0, 1, 0);(0, 1, 0);(0, 0, 0, 30);True;147.50229916698635;147.50229916698635;True;0.0;0.0;True;0.0;0.0
MK426;(0, 1, 0);(0, 1, 0);(0, 0, 0, 30);True;792.2461004486745;792.2461004486745;True;0.0;0.0;True;0.0;0.0
MK412;(0, 1, 0);(0, 1, 0);(0, 0, 0, 30);True;1658.0936093016912;1658.0936093016912;True;0.0;0.0;True;0.0;0.0
MK427;(0, 1, 0);(0, 1, 0);(0, 0, 0, 30);True;918.4230592151249;918.4230592151249;True;0.0;0.0;True;0.0;0.0
792506;(0, 1, 0);(0, 1, 0);(0, 0, 0, 30);True;1122.6203736254276;1122.6203736254276;True;0.0;0.0;False;4.1748967648061255;3.0
MK436;(0, 1, 0);(0, 1, 0);(0, 0, 0, 30);True;761.7693921221329;761.7693921221329;True;0.0;0.0;False;9.032681790457293;2.0
790876;(0, 1, 0);(0, 1, 0);(0, 0, 0, 30);True;808.3755704846985;808.3755704846985;True;0.0;0.0;True;0.0;0.0
2175;(0, 1, 0);(0, 1, 0);(0, 0, 0, 30);True;798.7632077833814;798.7632077833814;True;0.0;0.0;True;0.0;0.0
2852;(0, 1, 0);(0, 1, 0);(0, 0, 0, 30);True;999.4106213061696;999.4106213061696;True;0.0;0.0;True;0.0;0.0
MK403;(0, 1, 0);(0, 1, 0);(0, 0, 0, 30);True;134.7282088154228;134.7282088154228;True;0.0;0.0;True;0.0;0.0
3330;(0, 1, 0);(0, 1, 0);(0, 0, 0, 30);True;2707.022908898012;2707.022908898012;True;0.0;0.0;False;4.997245138178075;3.0
MK428;(0, 1, 0);(0, 1, 0);(0, 0, 0, 30);True;533.1284805094667;533.1284805094667;True;0.0;0.0;True;0.0;0.0
MK407;(0, 1, 0);(0, 1, 0);(0, 0, 0, 30);True;808.3755704846985;808.3755704846985;True;0.0;0.0;True;0.0;0.0
MK419;(0, 1, 0);(0, 1, 0);(0, 0, 0, 30);True;2800.6787879844514;2800.6787879844514;True;0.0;0.0;True;0.0;0.0
790689;(0, 1, 0);(0, 1, 0);(0, 0, 0, 30);True;801.9888091982357;801.9888091982357;True;0.0;0.0;True;0.0;0.0
792470;(0, 1, 0);(0, 1, 0);(0, 0, 0, 30);True;1394.1906584955332;1394.1906584955332;True;0.0;0.0;False;40.24474870525945;3.0
2862;(0, 1, 0);(0, 1, 0);(0, 0, 0, 30);True;795.5157377173894;795.5157377173894;True;0.0;0.0;True;0.0;0.0
MK282;(0, 1, 0);(0, 1, 0);(0, 0, 0, 30);True;788.9539912698456;788.9539912698456;True;0.0;0.0;True;0.0;0.0
MK406;(0, 1, 0);(0, 1, 0);(0, 0, 1, 30);False;206.713384071826;199.676355967934;False;8.665756122194779e-05;7.587682504714313e-05;False;5.893396084802735;1.0
MK438;(0, 1, 0);(0, 1, 0);(0, 0, 0, 30);True;-266.8314732789231;-266.8314732789231;True;0.0;0.0;True;0.0;0.0
791650;(0, 1, 0);(0, 1, 0);(0, 0, 0, 30);True;147.50229916698626;147.50229916698626;True;0.0;0.0;True;0.0;0.0
791661;(0, 1, 0);(0, 1, 0);(0, 0, 0, 30);True;817.7988252064622;817.7988252064622;True;0.0;0.0;False;12.713690692890193;1.0
2203;(0, 1, 0);(0, 1, 0);(0, 0, 0, 30);True;615.7412562182984;615.7412562182984;True;0.0;0.0;True;0.0;0.0
2202;(1, 0, 0);(1, 0, 0);(0, 0, 0, 30);True;3703.9770196234654;3703.9770196234654;True;0.0;0.0;False;18.79560039525575;54.0
10838;(0, 1, 0);(0, 1, 0);(0, 0, 0, 30);True;2102.7744695082874;2102.7744695082874;True;0.0;0.0;False;16.842945174643425;5.0
MK409;(0, 1, 0);(0, 1, 0);(0, 0, 0, 30);True;1120.9714907579512;1120.9714907579512;True;0.0;0.0;True;0.0;0.0
MK381;(0, 1, 0);(0, 1, 0);(0, 0, 0, 30);True;3193.4109442931626;3193.4109442931626;True;0.0;0.0;False;3.470951341343933;7.0
792451;(0, 1, 0);(0, 1, 0);(0, 0, 0, 30);True;1114.31860603299;1114.31860603299;True;0.0;0.0;True;0.0;0.0
2904;(0, 1, 0);(0, 1, 0);(0, 0, 0, 30);True;147.50229916698626;147.50229916698626;True;0.0;0.0;True;0.0;0.0
MK383;(0, 1, 0);(0, 1, 0);(0, 0, 0, 30);True;1109.267592621391;1109.267592621391;True;0.0;0.0;True;0.0;0.0
MK435;(0, 1, 0);(0, 1, 0);(0, 0, 0, 30);True;798.7632077833814;798.7632077833814;True;0.0;0.0;True;0.0;0.0
2199;(0, 1, 0);(0, 1, 0);(0, 0, 0, 30);True;610.9750477396783;610.9750477396783;True;0.0;0.0;True;0.0;0.0
792474;(0, 1, 0);(0, 1, 0);(0, 0, 0, 30);True;-53.05995120616123;-53.05995120616123;True;0.0;0.0;True;0.0;0.0
792429;(0, 1, 0);(0, 1, 0);(0, 0, 0, 30);True;121.60410018041836;121.60410018041836;True;0.0;0.0;True;0.0;0.0
7719;(0, 1, 0);(0, 1, 0);(0, 0, 0, 30);True;785.6390991472977;785.6390991472977;True;0.0;0.0;True;0.0;0.0
10798;(0, 1, 0);(0, 1, 0);(0, 0, 0, 30);True;121.60410018041836;121.60410018041836;True;0.0;0.0;True;0.0;0.0
4745;(0, 1, 0);(0, 1, 0);(0, 0, 0, 30);True;785.6390991472977;785.6390991472977;True;0.0;0.0;True;0.0;0.0
790357;(0, 1, 0);(0, 1, 0);(0, 0, 0, 30);True;-930.8664707852502;-930.8664707852502;True;0.0;0.0;True;0.0;0.0
1174;(0, 1, 0);(0, 1, 0);(0, 0, 0, 30);True;-266.8314732789232;-266.8314732789232;True;0.0;0.0;True;0.0;0.0
790699;(0, 1, 0);(0, 1, 0);(0, 0, 0, 30);True;625.1337140132304;625.1337140132304;True;0.0;0.0;False;7.191949522280762;1.0
899503;(0, 1, 0);(0, 1, 0);(0, 0, 0, 30);True;1663.4456202881709;1663.4456202881709;True;0.0;0.0;True;0.0;0.0
7714;(0, 1, 0);(0, 1, 0);(0, 0, 0, 30);True;792.2461004486745;792.2461004486745;True;0.0;0.0;False;6.459201817273745;2.0
2903;(0, 1, 0);(0, 1, 0);(0, 0, 0, 30);True;183.89954860714673;183.89954860714673;True;0.0;0.0;True;0.0;0.0
2910;(0, 1, 0);(0, 1, 0);(0, 0, 0, 30);True;1009.9385176244648;1009.9385176244648;True;0.0;0.0;True;0.0;0.0
811080;(0, 1, 0);(0, 1, 0);(0, 0, 0, 30);True;2830.824177554199;2830.824177554199;True;0.0;0.0;False;13.076271858692296;24.0
2201;(0, 1, 0);(0, 1, 0);(0, 0, 0, 30);True;3491.0876418224534;3491.0876418224534;True;0.0;0.0;False;18.983267197908667;51.0
MK447;(0, 1, 0);(0, 1, 0);(0, 0, 0, 30);True;788.9539912698458;788.9539912698458;True;0.0;0.0;True;0.0;0.0
2205;(0, 1, 0);(0, 1, 0);(0, 0, 0, 30);True;3379.285452226005;3379.285452226005;True;0.0;0.0;False;27.738055707604016;61.0
MK390;(0, 1, 0);(0, 1, 0);(0, 0, 0, 30);True;1500.8896385224484;1500.8896385224484;True;0.0;0.0;False;3.728351033994607;1.0
10656;(0, 1, 0);(0, 1, 0);(0, 0, 0, 30);True;1527.0630683821344;1527.0630683821344;True;0.0;0.0;True;0.0;0.0
MK362;(0, 1, 1);(0, 1, 1);(0, 0, 0, 30);True;2205.0255812055652;2205.0255812055652;True;0.0;0.0;False;69.94456670447846;33.0
MK326;(0, 1, 0);(0, 1, 0);(0, 0, 0, 30);True;3799.8732528995693;3799.8732528995693;True;0.0;0.0;False;9.630290302445687;78.0
7437;(0, 1, 0);(0, 1, 0);(0, 0, 0, 30);True;341.7200859435162;341.7200859435162;True;0.0;0.0;True;0.0;0.0
792502;(0, 1, 0);(0, 1, 0);(0, 0, 0, 30);True;-237.7922794461472;-237.7922794461472;True;0.0;0.0;True;0.0;0.0
MK423-1;(0, 1, 0);(0, 1, 0);(0, 0, 0, 30);True;-1262.8881589127204;-1262.8881589127204;True;0.0;0.0;True;0.0;0.0
791939;(0, 1, 0);(0, 1, 0);(0, 0, 0, 30);True;134.72820881542287;134.72820881542287;True;0.0;0.0;False;10.832019111357386;1.0
MK382;(0, 1, 0);(0, 1, 0);(0, 0, 0, 30);True;1818.879226117105;1818.879226117105;True;0.0;0.0;False;6.8542882308735145;3.0
2854;(0, 1, 0);(0, 1, 0);(0, 0, 0, 30);True;1049.8783083062795;1049.8783083062795;True;0.0;0.0;True;0.0;0.0
791304;(0, 1, 0);(0, 1, 0);(0, 0, 0, 30);True;-823.9807101255712;-823.9807101255712;True;0.0;0.0;True;0.0;0.0
MK448;(0, 1, 0);(0, 1, 0);(0, 0, 0, 30);True;801.9888091982356;801.9888091982356;True;0.0;0.0;True;0.0;0.0
MK441;(0, 1, 0);(0, 1, 0);(0, 0, 0, 30);True;634.3455363766109;634.3455363766109;True;0.0;0.0;True;0.0;0.0
2895;(0, 1, 0);(0, 1, 0);(0, 0, 0, 30);True;134.7282088154228;134.7282088154228;True;0.0;0.0;True;0.0;0.0
4747;(0, 1, 0);(0, 1, 0);(0, 0, 0, 30);True;404.63003093028743;404.63003093028743;True;0.0;0.0;True;0.0;0.0
2759;(0, 1, 0);(0, 1, 0);(0, 0, 0, 30);True;634.345536376611;634.345536376611;True;0.0;0.0;True;0.0;0.0
811078;(1, 1, 1);(1, 1, 1);(0, 0, 0, 30);True;4542.802600715428;4542.802600715428;True;0.0;0.0;False;168.66616691580137;240.0
0907;(0, 1, 0);(0, 1, 0);(0, 0, 0, 30);True;1786.6553726063898;1786.6553726063898;True;0.0;0.0;False;1.1553708159858809;1.0
MK268;(0, 1, 0);(0, 1, 0);(0, 0, 0, 30);True;1624.661439334878;1624.661439334878;True;0.0;0.0;False;5.961136269685526;3.0
791676;(0, 1, 0);(0, 1, 0);(0, 0, 0, 30);True;1568.3876206403431;1568.3876206403431;True;0.0;0.0;False;10.560681477612151;7.0
XK103;(0, 1, 0);(0, 1, 0);(0, 0, 0, 30);True;172.07178717699105;172.07178717699105;True;0.0;0.0;True;0.0;0.0
791901;(0, 1, 0);(0, 1, 0);(0, 0, 0, 30);True;1.224489047057716;1.224489047057716;True;0.0;0.0;True;0.0;0.0
10841;(0, 1, 0);(0, 1, 0);(0, 0, 0, 30);True;2909.42382381017;2909.42382381017;True;0.0;0.0;False;27.41236552486977;26.0
792503;(0, 1, 0);(0, 1, 0);(0, 0, 0, 30);True;-16.195612507810694;-16.195612507810694;True;0.0;0.0;True;0.0;0.0
790707;(0, 1, 0);(0, 1, 0);(0, 0, 0, 30);True;-34.27322960901623;-34.27322960901623;True;0.0;0.0;True;0.0;0.0
790772;(0, 1, 0);(0, 1, 0);(0, 0, 0, 30);True;2259.3956707909183;2259.3956707909183;True;0.0;0.0;True;0.0;0.0
MK404;(0, 1, 0);(0, 1, 0);(0, 0, 0, 30);True;3127.290275078265;3127.290275078265;True;0.0;0.0;False;3.8556154935289633;8.0
2865;(0, 1, 0);(0, 1, 0);(0, 0, 0, 30);True;1049.8783083062795;1049.8783083062795;True;0.0;0.0;True;0.0;0.0
899515;(0, 1, 0);(0, 1, 0);(0, 0, 0, 30);True;2249.1642138380703;2249.1642138380703;True;0.0;0.0;False;4.531757164857994;5.0
2796;(0, 1, 0);(0, 1, 0);(0, 0, 0, 30);True;591.4213123636854;591.4213123636854;True;0.0;0.0;True;0.0;0.0
XK110;(0, 1, 0);(0, 1, 0);(0, 0, 0, 30);True;446.9221897530385;446.9221897530385;True;0.0;0.0;True;0.0;0.0
MK366;(0, 1, 0);(0, 1, 0);(0, 0, 0, 30);True;-136.57522362781702;-136.57522362781702;True;0.0;0.0;True;0.0;0.0
1079;(0, 1, 0);(0, 1, 0);(0, 0, 0, 30);True;121.6041001805792;121.6041001805792;True;0.0;0.0;True;0.0;0.0
MK361;(0, 1, 0);(0, 1, 0);(0, 0, 0, 30);True;159.94455715335812;159.94455715335812;True;0.0;0.0;True;0.0;0.0
1259;(0, 1, 0);(0, 1, 0);(0, 0, 0, 30);True;1236.370121156498;1236.370121156498;True;0.0;0.0;True;0.0;0.0
792430;(0, 1, 0);(0, 1, 0);(0, 0, 0, 30);True;643.3835403583267;643.3835403583267;True;0.0;0.0;False;27.183014110978114;1.0
791091;(3, 1, 2);(3, 1, 2);(0, 0, 0, 30);True;2141.002705274539;2141.002705274539;True;0.0;0.0;True;0.0;0.0
10801;(0, 1, 0);(0, 1, 0);(0, 0, 0, 30);True;134.7282088154228;134.7282088154228;True;0.0;0.0;True;0.0;0.0
10827;(0, 1, 1);(0, 1, 1);(0, 0, 0, 30);True;129.24819270671935;129.24819270671935;True;0.0;0.0;True;0.0;0.0
2822;(0, 1, 0);(0, 1, 0);(0, 0, 0, 30);True;856.6175647979117;856.6175647979117;True;0.0;0.0;True;0.0;0.0
5518;(0, 1, 0);(0, 1, 0);(0, 0, 0, 30);True;-601.3702440039241;-601.3702440039241;True;0.0;0.0;True;0.0;0.0
791678;(0, 1, 0);(0, 1, 0);(0, 0, 0, 30);True;811.5372981357121;811.5372981357121;True;0.0;0.0;True;0.0;0.0
10821;(3, 1, 3);(3, 1, 3);(0, 0, 0, 30);True;-472.7693551281974;-472.7693551281974;True;0.0;0.0;False;9.783428497305282;2.0
MK367;(0, 1, 0);(0, 1, 0);(0, 0, 0, 30);True;1760.0021401451652;1760.0021401451652;True;0.0;0.0;False;4.422153284483545;1.0
0364;(0, 1, 0);(0, 1, 0);(0, 0, 0, 30);True;641.997770716521;641.997770716521;True;0.0;0.0;True;0.0;0.0
2861;(0, 1, 0);(0, 1, 0);(0, 0, 0, 30);True;1201.371412854101;1201.371412854101;True;0.0;0.0;True;0.0;0.0
4017;(0, 1, 0);(0, 1, 0);(0, 0, 0, 30);True;-500.069071887414;-500.069071887414;True;0.0;0.0;True;0.0;0.0
792475;(0, 1, 0);(0, 1, 0);(0, 0, 0, 30);True;1016.1459479082259;1016.1459479082259;True;0.0;0.0;True;0.0;0.0
790723;(0, 1, 0);(0, 1, 0);(0, 0, 0, 30);True;147.5022991669863;147.5022991669863;True;0.0;0.0;False;13.856568684743767;2.0
10820;(2, 1, 2);(2, 1, 2);(0, 0, 0, 30);True;43.26269674510374;43.26269674510374;True;0.0;0.0;True;0.0;0.0
10825;(0, 1, 0);(0, 1, 0);(0, 0, 0, 30);True;1259.183956621956;1259.183956621956;True;0.0;0.0;True;0.0;0.0
7267;(0, 1, 0);(0, 1, 0);(0, 0, 1, 30);False;49.35834376923259;42.71806658710841;False;0.09522249723425313;0.05597045908110842;True;0.0;0.0
MK433;(0, 1, 0);(0, 1, 0);(0, 0, 0, 30);True;1348.1634474055743;1348.1634474055743;True;0.0;0.0;True;0.0;0.0
0863;(0, 1, 0);(0, 1, 0);(0, 0, 0, 30);True;714.0133985754499;714.0133985754499;True;0.0;0.0;True;0.0;0.0
10842;(2, 1, 2);(2, 1, 2);(0, 0, 0, 30);True;-382.7529328266577;-382.7529328266577;True;0.0;0.0;True;0.0;0.0
7361;(0, 1, 0);(0, 1, 0);(0, 0, 0, 30);True;982.0693609961298;982.0693609961298;True;0.0;0.0;True;0.0;0.0
MK394;(0, 1, 0);(0, 1, 0);(0, 0, 0, 30);True;-237.79227944614706;-237.79227944614706;True;0.0;0.0;False;10.36124379069942;2.0
899001;(0, 1, 0);(0, 1, 0);(0, 0, 0, 30);True;1476.3594788907578;1476.3594788907578;True;0.0;0.0;False;3.5013945978510943;2.0
7824;(4, 2, 1);(1, 2, 2);(0, 0, 0, 30);True;-170.00804149167024;-161.32165191302576;False;0.7616317472858221;0.688946565285734;False;3.105502128518806;1.0
791288;(3, 1, 0);(0, 1, 0);(0, 0, 0, 30);True;-838.8665460103819;-827.0069903598232;False;0.007553936824566065;0.006933269111217371;False;4.291121001390019;1.0
791680;(0, 1, 0);(0, 1, 0);(0, 0, 0, 30);True;808.3755704846985;808.3755704846985;True;0.0;0.0;False;11.064537726585788;1.0
790875;(0, 1, 0);(0, 1, 0);(0, 0, 0, 30);True;798.7632077833813;798.7632077833813;True;0.0;0.0;False;11.283697418075466;2.0
792510;(0, 1, 0);(0, 1, 0);(0, 0, 0, 30);True;908.2311853588785;908.2311853588785;True;0.0;0.0;True;0.0;0.0
7266;(0, 1, 0);(0, 1, 0);(0, 0, 0, 30);True;1236.3701211564976;1236.3701211564976;True;0.0;0.0;True;0.0;0.0
0902-1;(0, 1, 0);(0, 1, 0);(0, 0, 0, 30);True;-662.8105092808238;-662.8105092808238;True;0.0;0.0;True;0.0;0.0
2976;(0, 1, 0);(0, 1, 0);(0, 0, 0, 30);True;1693.8603535247012;1693.8603535247012;True;0.0;0.0;False;10.811746717357963;6.0
790708;(0, 1, 0);(0, 1, 0);(0, 0, 0, 30);True;2743.045323459414;2743.045323459414;True;0.0;0.0;False;2.6360597388028517;2.0
MK181;(0, 1, 0);(0, 1, 0);(0, 0, 0, 30);True;147.5022991669863;147.5022991669863;True;0.0;0.0;True;0.0;0.0
Mk231;(0, 1, 0);(0, 1, 0);(0, 0, 0, 30);True;629.7617693399136;629.7617693399136;True;0.0;0.0;True;0.0;0.0
2971;(0, 1, 0);(0, 1, 0);(0, 0, 0, 30);True;1795.2200963144069;1795.2200963144069;True;0.0;0.0;True;0.0;0.0
1176-2;(0, 1, 0);(0, 1, 0);(0, 0, 0, 30);True;-930.8664707852502;-930.8664707852502;True;0.0;0.0;True;0.0;0.0
1354-2;(0, 1, 0);(0, 1, 0);(0, 0, 0, 30);True;-1262.8881589126909;-1262.8881589126909;True;0.0;0.0;True;0.0;0.0
2857;(0, 1, 0);(0, 1, 0);(0, 0, 0, 30);True;1053.6950615682363;1053.6950615682363;True;0.0;0.0;True;0.0;0.0
792528;(0, 1, 0);(0, 1, 0);(0, 0, 0, 30);True;1146.6957924977182;1146.6957924977182;True;0.0;0.0;False;8.461117085036191;2.0
811076;(0, 1, 0);(0, 1, 0);(0, 0, 0, 30);True;3780.992756186415;3780.992756186415;True;0.0;0.0;False;29.635363169293754;60.0
2080;(0, 2, 1);(0, 2, 1);(0, 0, 0, 30);True;363.9878369880083;363.9878369880083;True;0.0;0.0;True;0.0;0.0
791840;(0, 1, 0);(0, 1, 0);(0, 0, 0, 30);True;1596.7390900360413;1596.7390900360413;True;0.0;0.0;False;20.22480970283365;3.0
899507;(0, 1, 0);(0, 1, 0);(0, 0, 0, 30);True;3127.340379680822;3127.340379680822;True;0.0;0.0;False;18.655952336587355;30.0
MK425;(0, 1, 0);(0, 1, 0);(0, 0, 0, 30);True;1179.9520470780396;1179.9520470780396;True;0.0;0.0;True;0.0;0.0
MK402;(0, 1, 0);(0, 1, 0);(0, 0, 0, 30);True;669.5172938140998;669.5172938140998;True;0.0;0.0;False;12.060903615410249;1.0
899551;(0, 1, 0);(0, 1, 0);(0, 0, 0, 30);True;2160.2312822892404;2160.2312822892404;True;0.0;0.0;False;11.50711923564922;10.0
792427;(0, 1, 0);(0, 1, 0);(0, 0, 0, 30);True;2398.3443406300767;2398.3443406300767;True;0.0;0.0;False;2.101854248149515;3.0
2817;(0, 1, 0);(0, 1, 0);(0, 0, 2, 30);False;1955.5233290924637;1949.9762099169138;False;0.3514145588200135;0.19655315039491986;True;0.0;0.0
MK421;(0, 1, 0);(0, 1, 0);(0, 0, 0, 30);True;1740.0131480386785;1740.0131480386785;True;0.0;0.0;True;0.0;0.0
MK416;(0, 1, 0);(0, 1, 0);(0, 0, 0, 30);True;479.5197986474117;479.5197986474117;True;0.0;0.0;True;0.0;0.0
MK360;(0, 1, 0);(0, 1, 0);(0, 0, 0, 30);True;1815.7913830305945;1815.7913830305945;True;0.0;0.0;False;42.40478763000631;3.0
7460;(1, 0, 0);(1, 0, 0);(0, 0, 0, 30);True;4197.315025719923;4197.315025719923;True;0.0;0.0;False;32.370163752767425;92.0
MK405;(0, 1, 0);(0, 1, 0);(0, 0, 0, 30);True;2970.3653304081977;2970.3653304081977;True;0.0;0.0;False;105.59601638533765;14.0
MK380;(0, 1, 0);(0, 1, 0);(0, 0, 0, 30);True;3042.312504586753;3042.312504586753;True;0.0;0.0;False;13.532827979535794;26.0
790694;(2, 1, 2);(0, 1, 0);(0, 0, 0, 30);True;2952.0343666512895;2952.818738009092;False;6.772307792832389;4.115158062986326;False;4.230558542518096;1.0
