SKU;Modelo;MAE;RMSE;MAPE;teste_constante;cv_teste
811077;SARIMA Mensal (m=30);8.0;21.908902300206645;11.111111111111112;nao;103.72
811077;ARIMA Simples;8.0;21.908902300206645;11.111111111111112;nao;103.72
811077;Media Movel (7 dias);8.0;21.908902300206645;11.111111111111112;nao;103.72
811077;Suavizacao Exponencial;8.291475546263582;21.88335143966752;13.61340271574251;nao;103.72
0914;SARIMA Mensal (m=30);38.833333333333336;44.30914126904289;104.48569966430286;nao;72.66
0914;ARIMA Simples;38.833333333333336;44.30914126904289;104.48569966430286;nao;72.66
0914;Media Movel (7 dias);45.53809523809524;48.913104959046436;126.1626865440147;nao;72.66
0914;Suavizacao Exponencial;38.95915695692725;44.81317028404645;107.77228261739367;nao;72.66
MK440;SARIMA Mensal (m=30);0.8666666666666667;0.9309493362512627;28.888888888888886;nao;11.03
MK440;ARIMA Simples;0.8666666666666667;0.9309493362512627;28.888888888888886;nao;11.03
MK440;Media Movel (7 dias);0.8666666666666667;0.9309493362512627;28.888888888888886;nao;11.03
MK440;Suavizacao Exponencial;0.7401263407880381;0.8016190286027015;24.645716771669637;nao;11.03
0904;SARIMA Mensal (m=30);14.533333333333333;17.689921801221544;53.31131848246836;nao;31.10
0904;ARIMA Simples;14.533333333333333;17.689921801221544;53.31131848246836;nao;31.10
0904;Media Movel (7 dias);14.533333333333333;17.689921801221544;53.31131848246836;nao;31.10
0904;Suavizacao Exponencial;15.014727746576169;18.61444057272895;55.71603474310596;nao;31.10
7531;SARIMA Mensal (m=30);42.56666666666667;46.972687099348846;1673.893325591021;nao;102.26
7531;ARIMA Simples;42.56666666666667;46.972687099348846;1673.893325591021;nao;102.26
7531;Media Movel (7 dias);45.5;49.64708786357296;1779.7301206634138;nao;102.26
7531;Suavizacao Exponencial;41.79229080220845;46.96867694038673;1747.0481398231502;nao;102.26
MK420;SARIMA Mensal (m=30);3.3333333333333335;5.773502691896258;6.944444444444444;nao;8.77
MK420;ARIMA Simples;3.3333333333333335;5.773502691896258;6.944444444444444;nao;8.77
MK420;Media Movel (7 dias);6.190476190476189;7.781016494461042;12.212643678160912;nao;8.77
MK420;Suavizacao Exponencial;4.124295203946807;5.956806527177093;8.315339803815437;nao;8.77
792489;SARIMA Mensal (m=30);18.86666677742405;21.449164816339042;78.12500044853287;nao;42.66
792489;ARIMA Simples;18.86666677742405;21.449164816339042;78.12500044853287;nao;42.66
792489;Media Movel (7 dias);18.866666666666667;21.44916470790102;78.125;nao;42.66
792489;Suavizacao Exponencial;17.491627588728313;20.278631136521494;74.13382821180139;nao;42.66
0910;SARIMA Mensal (m=30);25.733333333333334;31.773154286808435;45.87462702027277;nao;52.83
0910;ARIMA Simples;25.733333333333334;31.773154286808435;45.87462702027277;nao;52.83
0910;Media Movel (7 dias);32.22857142857143;34.965853119203906;61.633461864459505;nao;52.83
0910;Suavizacao Exponencial;25.016475689082295;31.148437044711244;44.904771040258105;nao;52.83
7535;SARIMA Mensal (m=30);8.933333333333334;11.301917241483116;44.53494218200101;nao;54.32
7535;ARIMA Simples;8.933333333333334;11.301917241483116;44.53494218200101;nao;54.32
7535;Media Movel (7 dias);9.457142857142857;11.466544058828765;48.1954476327878;nao;54.32
7535;Suavizacao Exponencial;6.975910830403857;10.193475317635553;31.54203551998024;nao;54.32
MK418;SARIMA Mensal (m=30);0.0;0.0;0.0;sim;0.00
MK418;ARIMA Simples;0.0;0.0;0.0;sim;0.00
MK418;Media Movel (7 dias);0.0;0.0;0.0;sim;0.00
MK418;Suavizacao Exponencial;0.05817842433544729;0.074631291459219;1.9392808111815762;sim;0.00
7710;SARIMA Mensal (m=30);0.0;0.0;0.0;sim;0.00
7710;ARIMA Simples;0.0;0.0;0.0;sim;0.00
7710;Media Movel (7 dias);0.0;0.0;0.0;sim;0.00
7710;Suavizacao Exponencial;0.35521330815682284;0.4275198815695197;8.88033270392057;sim;0.00
MK211;SARIMA Mensal (m=30);0.0;0.0;0.0;sim;0.00
MK211;ARIMA Simples;0.0;0.0;0.0;sim;0.00
MK211;Media Movel (7 dias);0.0;0.0;0.0;sim;0.00
MK211;Suavizacao Exponencial;0.17909712045305096;0.20901761956646037;1.6281556404822812;sim;0.00
7261;SARIMA Mensal (m=30);3.1666666666666665;3.9791121287711073;0.0;nao;133.67
7261;ARIMA Simples;3.1666666666666665;3.9791121287711073;0.0;nao;133.67
7261;Media Movel (7 dias);3.1666666666666665;3.9791121287711073;0.0;nao;133.67
7261;Suavizacao Exponencial;3.00178491724226;3.543497981675747;14.149789635565046;nao;133.67
792423;SARIMA Mensal (m=30);0.0;0.0;0.0;sim;0.00
792423;ARIMA Simples;0.0;0.0;0.0;sim;0.00
792423;Media Movel (7 dias);0.0;0.0;0.0;sim;0.00
792423;Suavizacao Exponencial;0.1137274056778035;0.1444815868882407;2.8431851419450873;sim;0.00
MK328;SARIMA Mensal (m=30);0.0;0.0;0.0;sim;0.00
MK328;ARIMA Simples;0.0;0.0;0.0;sim;0.00
MK328;Media Movel (7 dias);0.0;0.0;0.0;sim;0.00
MK328;Suavizacao Exponencial;0.06349393458997386;0.0736005304042654;1.5873483647493465;sim;0.00
2157;SARIMA Mensal (m=30);0.0;0.0;0.0;sim;0.00
2157;ARIMA Simples;0.0;0.0;0.0;sim;0.00
2157;Media Movel (7 dias);0.0;0.0;0.0;sim;0.00
2157;Suavizacao Exponencial;0.3436428109913482;0.41384345101521214;5.727380183189138;sim;0.00
7705;SARIMA Mensal (m=30);0.0;0.0;0.0;sim;0.00
7705;ARIMA Simples;0.0;0.0;0.0;sim;0.00
7705;Media Movel (7 dias);0.0;0.0;0.0;sim;0.00
7705;Suavizacao Exponencial;0.28563346652268334;0.3271976801225997;2.3802788876890277;sim;0.00
MK363;SARIMA Mensal (m=30);0.0;0.0;0.0;sim;0.00
MK363;ARIMA Simples;0.0;0.0;0.0;sim;0.00
MK363;Media Movel (7 dias);0.0;0.0;0.0;sim;0.00
MK363;Suavizacao Exponencial;0.14863541701972943;0.16324677683967087;1.857942712746618;sim;0.00
7533;SARIMA Mensal (m=30);28.966666666666665;33.410078319772516;79.41356276621924;nao;60.57
7533;ARIMA Simples;28.966666666666665;33.410078319772516;79.41356276621924;nao;60.57
7533;Media Movel (7 dias);31.9;35.30769510083225;88.81337175696096;nao;60.57
7533;Suavizacao Exponencial;27.596123329420088;32.66232875541188;77.37662877872785;nao;60.57
791655;SARIMA Mensal (m=30);0.0;0.0;0.0;sim;0.00
791655;ARIMA Simples;0.0;0.0;0.0;sim;0.00
791655;Media Movel (7 dias);0.0;0.0;0.0;sim;0.00
791655;Suavizacao Exponencial;0.1927645832896449;0.2206777967435939;3.212743054827415;sim;0.00
2159;SARIMA Mensal (m=30);0.0;0.0;0.0;sim;0.00
2159;ARIMA Simples;0.0;0.0;0.0;sim;0.00
2159;Media Movel (7 dias);0.0;0.0;0.0;sim;0.00
2159;Suavizacao Exponencial;1.3729075472179109;1.563096756562623;68.64537736089554;sim;0.00
MK348;SARIMA Mensal (m=30);0.0;0.0;0.0;sim;0.00
MK348;ARIMA Simples;0.0;0.0;0.0;sim;0.00
MK348;Media Movel (7 dias);0.0;0.0;0.0;sim;0.00
MK348;Suavizacao Exponencial;0.8542278363726571;1.0632142196110632;6.101627402661834;sim;0.00
7709;SARIMA Mensal (m=30);0.0;0.0;0.0;sim;0.00
7709;ARIMA Simples;0.0;0.0;0.0;sim;0.00
7709;Media Movel (7 dias);0.0;0.0;0.0;sim;0.00
7709;Suavizacao Exponencial;0.2720663912029864;0.3316369019979139;2.267219926691554;sim;0.00
7359;SARIMA Mensal (m=30);0.0;0.0;0.0;sim;0.00
7359;ARIMA Simples;0.0;0.0;0.0;sim;0.00
7359;Media Movel (7 dias);0.0;0.0;0.0;sim;0.00
7359;Suavizacao Exponencial;0.22807298901516682;0.2593260129882803;2.534144322390742;sim;0.00
791658;SARIMA Mensal (m=30);0.0;0.0;0.0;sim;0.00
791658;ARIMA Simples;0.0;0.0;0.0;sim;0.00
791658;Media Movel (7 dias);0.0;0.0;0.0;sim;0.00
791658;Suavizacao Exponencial;0.16268245954567445;0.19519392456464543;2.3240351363667777;sim;0.00
MK417;SARIMA Mensal (m=30);0.0;0.0;0.0;sim;0.00
MK417;ARIMA Simples;0.0;0.0;0.0;sim;0.00
MK417;Media Movel (7 dias);0.0;0.0;0.0;sim;0.00
MK417;Suavizacao Exponencial;0.16814912148740355;0.1965826747738571;1.8683235720822624;sim;0.00
MK379;SARIMA Mensal (m=30);0.3333333333333333;0.5773502691896257;16.666666666666664;nao;17.98
MK379;ARIMA Simples;0.3333333333333333;0.5773502691896257;16.666666666666664;nao;17.98
MK379;Media Movel (7 dias);0.3333333333333333;0.5773502691896257;16.666666666666664;nao;17.98
MK379;Suavizacao Exponencial;0.3852989622825868;0.5968229946884315;18.556322662156553;nao;17.98
2863;SARIMA Mensal (m=30);3.2286742280515535;3.865663347813056;104.5541537710416;nao;43.89
2863;ARIMA Simples;3.2286742280515535;3.865663347813056;104.5541537710416;nao;43.89
2863;Media Movel (7 dias);2.533333333333333;3.183289703016886;84.44444444444443;nao;43.89
2863;Suavizacao Exponencial;2.5247624256240955;3.116427325904725;76.39698211804098;nao;43.89
791937;SARIMA Mensal (m=30);0.0;0.0;0.0;sim;0.00
791937;ARIMA Simples;0.0;0.0;0.0;sim;0.00
791937;Media Movel (7 dias);0.0;0.0;0.0;sim;0.00
791937;Suavizacao Exponencial;0.07970948563852663;0.10002214480971681;3.9854742819263316;sim;0.00
7394;SARIMA Mensal (m=30);0.0;0.0;0.0;sim;0.00
7394;ARIMA Simples;0.0;0.0;0.0;sim;0.00
7394;Media Movel (7 dias);0.0;0.0;0.0;sim;0.00
7394;Suavizacao Exponencial;0.18979835480774182;0.23843741407238128;2.711405068682026;sim;0.00
2803;SARIMA Mensal (m=30);0.0;0.0;0.0;sim;0.00
2803;ARIMA Simples;0.0;0.0;0.0;sim;0.00
2803;Media Movel (7 dias);0.0;0.0;0.0;sim;0.00
2803;Suavizacao Exponencial;0.16415541128081276;0.20117977654120986;2.735923521346879;sim;0.00
791677;SARIMA Mensal (m=30);0.0;0.0;0.0;sim;0.00
791677;ARIMA Simples;0.0;0.0;0.0;sim;0.00
791677;Media Movel (7 dias);0.0;0.0;0.0;sim;0.00
791677;Suavizacao Exponencial;0.28563346652268334;0.3271976801225997;2.3802788876890277;sim;0.00
MK383-1;SARIMA Mensal (m=30);0.0;0.0;0.0;sim;0.00
MK383-1;ARIMA Simples;0.0;0.0;0.0;sim;0.00
MK383-1;Media Movel (7 dias);0.0;0.0;0.0;sim;0.00
MK383-1;Suavizacao Exponencial;0.22156850542835685;0.25941785211116625;4.431370108567137;sim;0.00
792530;SARIMA Mensal (m=30);0.0;0.0;0.0;sim;0.00
792530;ARIMA Simples;0.0;0.0;0.0;sim;0.00
792530;Media Movel (7 dias);0.0;0.0;0.0;sim;0.00
792530;Suavizacao Exponencial;0.25863680696006697;0.3020896065994044;4.310613449334449;sim;0.00
792504;SARIMA Mensal (m=30);0.0;0.0;0.0;sim;0.00
792504;ARIMA Simples;0.0;0.0;0.0;sim;0.00
792504;Media Movel (7 dias);0.0;0.0;0.0;sim;0.00
792504;Suavizacao Exponencial;0.306612179664857;0.3603590527956519;1.3330964333254653;sim;0.00
MK308;SARIMA Mensal (m=30);0.0;0.0;0.0;sim;0.00
MK308;ARIMA Simples;0.0;0.0;0.0;sim;0.00
MK308;Media Movel (7 dias);0.0;0.0;0.0;sim;0.00
MK308;Suavizacao Exponencial;0.22247960271472822;0.2730583110719175;4.449592054294564;sim;0.00
792413;SARIMA Mensal (m=30);0.0;0.0;0.0;sim;0.00
792413;ARIMA Simples;0.0;0.0;0.0;sim;0.00
792413;Media Movel (7 dias);0.0;0.0;0.0;sim;0.00
792413;Suavizacao Exponencial;0.32280789797556214;0.4139885121823354;4.035098724694527;sim;0.00
791934;SARIMA Mensal (m=30);0.3136136897734527;0.35919762228337854;1.3635377816237078;sim;0.00
791934;ARIMA Simples;0.3136136897734527;0.35919762228337854;1.3635377816237078;sim;0.00
791934;Media Movel (7 dias);0.0;0.0;0.0;sim;0.00
791934;Suavizacao Exponencial;0.3609154640106793;0.43732258127882817;1.569197669611649;sim;0.00
791829;SARIMA Mensal (m=30);0.0;0.0;0.0;sim;0.00
791829;ARIMA Simples;0.0;0.0;0.0;sim;0.00
791829;Media Movel (7 dias);0.0;0.0;0.0;sim;0.00
791829;Suavizacao Exponencial;0.1970632099276285;0.2639636359096799;2.815188713251835;sim;0.00
MK451;SARIMA Mensal (m=30);0.0;0.0;0.0;sim;0.00
MK451;ARIMA Simples;0.0;0.0;0.0;sim;0.00
MK451;Media Movel (7 dias);0.0;0.0;0.0;sim;0.00
MK451;Suavizacao Exponencial;0.06349393458997386;0.0736005304042654;1.5873483647493465;sim;0.00
MK434;SARIMA Mensal (m=30);0.0;0.0;0.0;sim;0.00
MK434;ARIMA Simples;0.0;0.0;0.0;sim;0.00
MK434;Media Movel (7 dias);0.0;0.0;0.0;sim;0.00
MK434;Suavizacao Exponencial;0.2236418468108276;0.2512430392146336;1.8636820567568966;sim;0.00
MK165;SARIMA Mensal (m=30);0.0;0.0;0.0;sim;0.00
MK165;ARIMA Simples;0.0;0.0;0.0;sim;0.00
MK165;Media Movel (7 dias);0.0;0.0;0.0;sim;0.00
MK165;Suavizacao Exponencial;0.2236418468108276;0.2512430392146336;1.8636820567568966;sim;0.00
MK413;SARIMA Mensal (m=30);0.0;0.0;0.0;sim;0.00
MK413;ARIMA Simples;0.0;0.0;0.0;sim;0.00
MK413;Media Movel (7 dias);0.0;0.0;0.0;sim;0.00
MK413;Suavizacao Exponencial;0.2236418468108276;0.2512430392146336;1.8636820567568966;sim;0.00
811075;SARIMA Mensal (m=30);0.0;0.0;0.0;sim;0.00
811075;ARIMA Simples;0.0;0.0;0.0;sim;0.00
811075;Media Movel (7 dias);0.0;0.0;0.0;sim;0.00
811075;Suavizacao Exponencial;0.35637746594552117;0.44755598603492647;5.939624432425352;sim;0.00
MK442;SARIMA Mensal (m=30);0.0;0.0;0.0;sim;0.00
MK442;ARIMA Simples;0.0;0.0;0.0;sim;0.00
MK442;Media Movel (7 dias);0.0;0.0;0.0;sim;0.00
MK442;Suavizacao Exponencial;0.2236418468108276;0.2512430392146336;1.8636820567568966;sim;0.00
MK161;SARIMA Mensal (m=30);0.0;0.0;0.0;sim;0.00
MK161;ARIMA Simples;0.0;0.0;0.0;sim;0.00
MK161;Media Movel (7 dias);0.0;0.0;0.0;sim;0.00
MK161;Suavizacao Exponencial;0.06476326581510056;0.07550869786991589;1.6190816453775139;sim;0.00
MK336;SARIMA Mensal (m=30);0.0;0.0;0.0;sim;0.00
MK336;ARIMA Simples;0.0;0.0;0.0;sim;0.00
MK336;Media Movel (7 dias);0.0;0.0;0.0;sim;0.00
MK336;Suavizacao Exponencial;0.06476326581510056;0.07550869786991589;1.6190816453775139;sim;0.00
MK264;SARIMA Mensal (m=30);0.0;0.0;0.0;sim;0.00
MK264;ARIMA Simples;0.0;0.0;0.0;sim;0.00
MK264;Media Movel (7 dias);0.0;0.0;0.0;sim;0.00
MK264;Suavizacao Exponencial;0.21633888657947958;0.2559814984863276;3.6056481096579924;sim;0.00
10778;SARIMA Mensal (m=30);0.0;0.0;0.0;sim;0.00
10778;ARIMA Simples;0.0;0.0;0.0;sim;0.00
10778;Media Movel (7 dias);0.0;0.0;0.0;sim;0.00
10778;Suavizacao Exponencial;0.09991276739159752;0.11875273554583096;2.497819184789938;sim;0.00
792417;SARIMA Mensal (m=30);0.0;0.0;0.0;sim;0.00
792417;ARIMA Simples;0.0;0.0;0.0;sim;0.00
792417;Media Movel (7 dias);0.0;0.0;0.0;sim;0.00
792417;Suavizacao Exponencial;1.0244141764554104;1.205888946058475;4.453974680240915;sim;0.00
MK430;SARIMA Mensal (m=30);0.0;0.0;0.0;sim;0.00
MK430;ARIMA Simples;0.0;0.0;0.0;sim;0.00
MK430;Media Movel (7 dias);0.0;0.0;0.0;sim;0.00
MK430;Suavizacao Exponencial;0.046437981016351555;0.062055137916778885;2.321899050817578;sim;0.00
792466;SARIMA Mensal (m=30);0.8;0.8944271909999159;10.0;nao;4.96
792466;ARIMA Simples;0.8;0.8944271909999159;10.0;nao;4.96
792466;Media Movel (7 dias);0.8;0.8944271909999159;10.0;nao;4.96
792466;Suavizacao Exponencial;0.7756490443381019;0.8646854591084825;9.660549389482265;nao;4.96
991;SARIMA Mensal (m=30);0.0;0.0;0.0;sim;0.00
991;ARIMA Simples;0.0;0.0;0.0;sim;0.00
991;Media Movel (7 dias);0.0;0.0;0.0;sim;0.00
991;Suavizacao Exponencial;0.11509175091616802;0.15776431117396095;2.8772937729042005;sim;0.00
MK414;SARIMA Mensal (m=30);2.6666666666666665;4.618802153517006;10.666666666666666;nao;12.65
MK414;ARIMA Simples;2.6666666666666665;4.618802153517006;10.666666666666666;nao;12.65
MK414;Media Movel (7 dias);2.6666666666666665;4.618802153517006;10.666666666666666;nao;12.65
MK414;Suavizacao Exponencial;4.429487000886742;5.553373311428053;16.31707803156708;nao;12.65
2922;SARIMA Mensal (m=30);0.06666666666666667;0.2581988897471611;0.5555555555555555;nao;1.96
2922;ARIMA Simples;0.06666666666666667;0.2581988897471611;0.5555555555555555;nao;1.96
2922;Media Movel (7 dias);0.7809523809523805;0.8198224463488504;6.080586080586077;nao;1.96
2922;Suavizacao Exponencial;0.5674566894610024;0.6630663344176454;4.408521328867756;nao;1.96
790738;SARIMA Mensal (m=30);0.0;0.0;0.0;sim;0.00
790738;ARIMA Simples;0.0;0.0;0.0;sim;0.00
790738;Media Movel (7 dias);0.0;0.0;0.0;sim;0.00
790738;Suavizacao Exponencial;0.11556576515573788;0.13200368622052108;2.889144128893447;sim;0.00
MK426;SARIMA Mensal (m=30);0.0;0.0;0.0;sim;0.00
MK426;ARIMA Simples;0.0;0.0;0.0;sim;0.00
MK426;Media Movel (7 dias);0.0;0.0;0.0;sim;0.00
MK426;Suavizacao Exponencial;0.19348214655534005;0.2288010749270679;1.9348214655534002;sim;0.00
MK412;SARIMA Mensal (m=30);0.0;0.0;0.0;sim;0.00
MK412;ARIMA Simples;0.0;0.0;0.0;sim;0.00
MK412;Media Movel (7 dias);0.0;0.0;0.0;sim;0.00
MK412;Suavizacao Exponencial;0.4534087823547873;0.5440783616072157;11.335219558869683;sim;0.00
MK427;SARIMA Mensal (m=30);0.0;0.0;0.0;sim;0.00
MK427;ARIMA Simples;0.0;0.0;0.0;sim;0.00
MK427;Media Movel (7 dias);0.0;0.0;0.0;sim;0.00
MK427;Suavizacao Exponencial;0.32447746265466226;0.4013516735808677;8.111936566366557;sim;0.00
792506;SARIMA Mensal (m=30);0.6333333333333333;1.0488088481701516;3.2923976608187133;nao;4.17
792506;ARIMA Simples;0.6333333333333333;1.0488088481701516;3.2923976608187133;nao;4.17
792506;Media Movel (7 dias);0.6333333333333333;1.0488088481701516;3.2923976608187133;nao;4.17
792506;Suavizacao Exponencial;0.8908361386634202;1.2821893482178783;4.573148738227526;nao;4.17
MK436;SARIMA Mensal (m=30);0.7;1.0165300454651272;9.345238095238093;nao;9.03
MK436;ARIMA Simples;0.7;1.0165300454651272;9.345238095238093;nao;9.03
MK436;Media Movel (7 dias);0.7;1.0165300454651272;9.345238095238093;nao;9.03
MK436;Suavizacao Exponencial;0.8378892880536862;1.0865528098942678;10.927351039641712;nao;9.03
790876;SARIMA Mensal (m=30);0.0;0.0;0.0;sim;0.00
790876;ARIMA Simples;0.0;0.0;0.0;sim;0.00
790876;Media Movel (7 dias);0.0;0.0;0.0;sim;0.00
790876;Suavizacao Exponencial;0.23031681142369234;0.27104824080467677;3.290240163195605;sim;0.00
2175;SARIMA Mensal (m=30);0.0;0.0;0.0;sim;0.00
2175;ARIMA Simples;0.0;0.0;0.0;sim;0.00
2175;Media Movel (7 dias);0.0;0.0;0.0;sim;0.00
2175;Suavizacao Exponencial;0.4579076430807353;0.5020035644984567;5.723845538509191;sim;0.00
2852;SARIMA Mensal (m=30);0.0;0.0;0.0;sim;0.00
2852;ARIMA Simples;0.0;0.0;0.0;sim;0.00
2852;Media Movel (7 dias);0.0;0.0;0.0;sim;0.00
2852;Suavizacao Exponencial;0.4002338503871658;0.4950234962262794;2.668225669247772;sim;0.00
MK403;SARIMA Mensal (m=30);0.0;0.0;0.0;sim;0.00
MK403;ARIMA Simples;0.0;0.0;0.0;sim;0.00
MK403;Media Movel (7 dias);0.0;0.0;0.0;sim;0.00
MK403;Suavizacao Exponencial;0.08485705451413596;0.1005228629269218;1.697141090282719;sim;0.00
3330;SARIMA Mensal (m=30);0.43333333333333335;0.8366600265340756;3.2509157509157505;nao;5.00
3330;ARIMA Simples;0.43333333333333335;0.8366600265340756;3.2509157509157505;nao;5.00
3330;Media Movel (7 dias);0.8619047619047623;1.1203133672398662;6.200941915227633;nao;5.00
3330;Suavizacao Exponencial;1.46643590483513;1.7607351504705298;10.261835445817379;nao;5.00
MK428;SARIMA Mensal (m=30);0.0;0.0;0.0;sim;0.00
MK428;ARIMA Simples;0.0;0.0;0.0;sim;0.00
MK428;Media Movel (7 dias);0.0;0.0;0.0;sim;0.00
MK428;Suavizacao Exponencial;0.17323280913430875;0.21228138827643328;5.7744269711436225;sim;0.00
MK407;SARIMA Mensal (m=30);0.0;0.0;0.0;sim;0.00
MK407;ARIMA Simples;0.0;0.0;0.0;sim;0.00
MK407;Media Movel (7 dias);0.0;0.0;0.0;sim;0.00
MK407;Suavizacao Exponencial;0.1656979878725919;0.20605844471888926;2.367114112465599;sim;0.00
MK419;SARIMA Mensal (m=30);0.0;0.0;0.0;sim;0.00
MK419;ARIMA Simples;0.0;0.0;0.0;sim;0.00
MK419;Media Movel (7 dias);0.0;0.0;0.0;sim;0.00
MK419;Suavizacao Exponencial;1.4722151674740098;1.855813608946203;2.5383020128862244;sim;0.00
790689;SARIMA Mensal (m=30);0.0;0.0;0.0;sim;0.00
790689;ARIMA Simples;0.0;0.0;0.0;sim;0.00
790689;Media Movel (7 dias);0.0;0.0;0.0;sim;0.00
790689;Suavizacao Exponencial;0.25202772247871824;0.3225727650678781;3.600396035410261;sim;0.00
792470;SARIMA Mensal (m=30);1.5666666666666667;2.073644135332772;71.94444444444444;nao;40.24
792470;ARIMA Simples;1.5666666666666667;2.073644135332772;71.94444444444444;nao;40.24
792470;Media Movel (7 dias);1.7095238095238103;2.18358128103452;76.85714285714289;nao;40.24
792470;Suavizacao Exponencial;1.6240497623840762;2.037339246086058;72.19687905930904;nao;40.24
2862;SARIMA Mensal (m=30);0.0;0.0;0.0;sim;0.00
2862;ARIMA Simples;0.0;0.0;0.0;sim;0.00
2862;Media Movel (7 dias);0.0;0.0;0.0;sim;0.00
2862;Suavizacao Exponencial;0.22423233402243153;0.251082745896246;2.491470378027017;sim;0.00
MK282;SARIMA Mensal (m=30);0.0;0.0;0.0;sim;0.00
MK282;ARIMA Simples;0.0;0.0;0.0;sim;0.00
MK282;Media Movel (7 dias);0.0;0.0;0.0;sim;0.00
MK282;Suavizacao Exponencial;0.1854564165036636;0.21829523173543175;1.6859674227605776;sim;0.00
MK406;SARIMA Mensal (m=30);0.1333997707046896;0.3651800209773239;2.667812470573226;nao;5.89
MK406;ARIMA Simples;0.13333333333333333;0.3651483716701107;2.666666666666667;nao;5.89
MK406;Media Movel (7 dias);0.13333333333333333;0.3651483716701107;2.666666666666667;nao;5.89
MK406;Suavizacao Exponencial;0.23403662758586127;0.40603690580199076;4.374477112378146;nao;5.89
MK438;SARIMA Mensal (m=30);0.0;0.0;0.0;sim;0.00
MK438;ARIMA Simples;0.0;0.0;0.0;sim;0.00
MK438;Media Movel (7 dias);0.0;0.0;0.0;sim;0.00
MK438;Suavizacao Exponencial;0.06324544078494133;0.07255796666278214;1.5811360196235333;sim;0.00
791650;SARIMA Mensal (m=30);0.0;0.0;0.0;sim;0.00
791650;ARIMA Simples;0.0;0.0;0.0;sim;0.00
791650;Media Movel (7 dias);0.0;0.0;0.0;sim;0.00
791650;Suavizacao Exponencial;0.1434744629839422;0.16260854498449479;3.5868615745985553;sim;0.00
791661;SARIMA Mensal (m=30);0.8;0.8944271909999159;26.66666666666666;nao;12.71
791661;ARIMA Simples;0.8;0.8944271909999159;26.66666666666666;nao;12.71
791661;Media Movel (7 dias);0.8;0.8944271909999159;26.66666666666666;nao;12.71
791661;Suavizacao Exponencial;0.7254105725365035;0.8098562574977926;23.856104247677397;nao;12.71
2203;SARIMA Mensal (m=30);0.0;0.0;0.0;sim;0.00
2203;ARIMA Simples;0.0;0.0;0.0;sim;0.00
2203;Media Movel (7 dias);0.0;0.0;0.0;sim;0.00
2203;Suavizacao Exponencial;0.1686415347147222;0.19123189328948412;1.87379483016358;sim;0.00
2202;SARIMA Mensal (m=30);16.738695197891488;22.28975635355815;21.09683501392755;nao;18.80
2202;ARIMA Simples;16.738695197891488;22.28975635355815;21.09683501392755;nao;18.80
2202;Media Movel (7 dias);26.63333333333334;30.068119940140818;39.63176955048125;nao;18.80
2202;Suavizacao Exponencial;21.36955627681505;25.156621168508746;32.25923507166264;nao;18.80
10838;SARIMA Mensal (m=30);3.2333333333333334;3.692334401612797;33.293447293447294;nao;16.84
10838;ARIMA Simples;3.2333333333333334;3.692334401612797;33.293447293447294;nao;16.84
10838;Media Movel (7 dias);3.9476190476190456;4.33157996971239;40.09413337984765;nao;16.84
10838;Suavizacao Exponencial;2.339419934104205;2.894335670160203;24.21812546851952;nao;16.84
MK409;SARIMA Mensal (m=30);0.0;0.0;0.0;sim;0.00
MK409;ARIMA Simples;0.0;0.0;0.0;sim;0.00
MK409;Media Movel (7 dias);0.0;0.0;0.0;sim;0.00
MK409;Suavizacao Exponencial;0.355003225844422;0.4094779347961666;1.6136510265655541;sim;0.00
MK381;SARIMA Mensal (m=30);2.033333333333333;3.3216461782274966;2.7646118721461184;nao;3.47
MK381;ARIMA Simples;2.033333333333333;3.3216461782274966;2.7646118721461184;nao;3.47
MK381;Media Movel (7 dias);2.6047619047619026;3.6991449646354417;3.507936370317155;nao;3.47
MK381;Suavizacao Exponencial;4.834791805799354;5.373040704776134;6.336544683185321;nao;3.47
792451;SARIMA Mensal (m=30);0.0;0.0;0.0;sim;0.00
792451;ARIMA Simples;0.0;0.0;0.0;sim;0.00
792451;Media Movel (7 dias);0.0;0.0;0.0;sim;0.00
792451;Suavizacao Exponencial;0.23705667351772403;0.3211629576056033;11.8528336758862;sim;0.00
2904;SARIMA Mensal (m=30);0.0;0.0;0.0;sim;0.00
2904;ARIMA Simples;0.0;0.0;0.0;sim;0.00
2904;Media Movel (7 dias);0.0;0.0;0.0;sim;0.00
2904;Suavizacao Exponencial;0.12899352847161222;0.13979092606783852;3.2248382117903054;sim;0.00
MK383;SARIMA Mensal (m=30);0.0;0.0;0.0;sim;0.00
MK383;ARIMA Simples;0.0;0.0;0.0;sim;0.00
MK383;Media Movel (7 dias);0.0;0.0;0.0;sim;0.00
MK383;Suavizacao Exponencial;0.31205713978358934;0.3989698471073923;10.401904659452974;sim;0.00
MK435;SARIMA Mensal (m=30);0.0;0.0;0.0;sim;0.00
MK435;ARIMA Simples;0.0;0.0;0.0;sim;0.00
MK435;Media Movel (7 dias);0.0;0.0;0.0;sim;0.00
MK435;Suavizacao Exponencial;0.17756342969844083;0.21903335127024395;2.2195428712305105;sim;0.00
2199;SARIMA Mensal (m=30);0.0;0.0;0.0;sim;0.00
2199;ARIMA Simples;0.0;0.0;0.0;sim;0.00
2199;Media Movel (7 dias);0.0;0.0;0.0;sim;0.00
2199;Suavizacao Exponencial;0.1929480633141323;0.21622363528787153;1.9294806331413232;sim;0.00
792474;SARIMA Mensal (m=30);0.0;0.0;0.0;sim;0.00
792474;ARIMA Simples;0.0;0.0;0.0;sim;0.00
792474;Media Movel (7 dias);0.0;0.0;0.0;sim;0.00
792474;Suavizacao Exponencial;0.09642091544341168;0.10803698486836524;1.9284183088682343;sim;0.00
792429;SARIMA Mensal (m=30);0.0;0.0;0.0;sim;0.00
792429;ARIMA Simples;0.0;0.0;0.0;sim;0.00
792429;Media Movel (7 dias);0.0;0.0;0.0;sim;0.00
792429;Suavizacao Exponencial;0.11569106719556661;0.12966327695215454;1.928184453259443;sim;0.00
7719;SARIMA Mensal (m=30);0.0;0.0;0.0;sim;0.00
7719;ARIMA Simples;0.0;0.0;0.0;sim;0.00
7719;Media Movel (7 dias);0.0;0.0;0.0;sim;0.00
7719;Suavizacao Exponencial;0.23148065543100635;0.25939583995307014;1.929005461925053;sim;0.00
10798;SARIMA Mensal (m=30);0.0;0.0;0.0;sim;0.00
10798;ARIMA Simples;0.0;0.0;0.0;sim;0.00
10798;Media Movel (7 dias);0.0;0.0;0.0;sim;0.00
10798;Suavizacao Exponencial;0.11569106719556661;0.12966327695215454;1.928184453259443;sim;0.00
4745;SARIMA Mensal (m=30);0.0;0.0;0.0;sim;0.00
4745;ARIMA Simples;0.0;0.0;0.0;sim;0.00
4745;Media Movel (7 dias);0.0;0.0;0.0;sim;0.00
4745;Suavizacao Exponencial;0.23148065543100635;0.25939583995307014;1.929005461925053;sim;0.00
790357;SARIMA Mensal (m=30);0.0;0.0;0.0;sim;0.00
790357;ARIMA Simples;0.0;0.0;0.0;sim;0.00
790357;Media Movel (7 dias);0.0;0.0;0.0;sim;0.00
790357;Suavizacao Exponencial;0.038582631740862655;0.04323863182127854;1.9291315870431327;sim;0.00
1174;SARIMA Mensal (m=30);0.0;0.0;0.0;sim;0.00
1174;ARIMA Simples;0.0;0.0;0.0;sim;0.00
1174;Media Movel (7 dias);0.0;0.0;0.0;sim;0.00
1174;Suavizacao Exponencial;0.07717665003023494;0.08649240555818914;1.9294162507558734;sim;0.00
790699;SARIMA Mensal (m=30);0.3333333333333333;0.5773502691896257;5.555555555555556;nao;7.19
790699;ARIMA Simples;0.3333333333333333;0.5773502691896257;5.555555555555556;nao;7.19
790699;Media Movel (7 dias);0.3333333333333333;0.5773502691896257;5.555555555555556;nao;7.19
790699;Suavizacao Exponencial;0.52103302296874;0.6732989578174919;8.327340012338512;nao;7.19
899503;SARIMA Mensal (m=30);0.0;0.0;0.0;sim;0.00
899503;ARIMA Simples;0.0;0.0;0.0;sim;0.00
899503;Media Movel (7 dias);0.0;0.0;0.0;sim;0.00
899503;Suavizacao Exponencial;0.5792542390091;0.6487178087877499;1.9308474633636674;sim;0.00
7714;SARIMA Mensal (m=30);0.8333333333333334;1.0165300454651272;9.537037037037036;nao;6.46
7714;ARIMA Simples;0.8333333333333334;1.0165300454651272;9.537037037037036;nao;6.46
7714;Media Movel (7 dias);0.8333333333333334;1.0165300454651272;9.537037037037036;nao;6.46
7714;Suavizacao Exponencial;1.1477323293174644;1.2909087540781692;12.954878471740274;nao;6.46
2903;SARIMA Mensal (m=30);0.0;0.0;0.0;sim;0.00
2903;ARIMA Simples;0.0;0.0;0.0;sim;0.00
2903;Media Movel (7 dias);0.0;0.0;0.0;sim;0.00
2903;Suavizacao Exponencial;0.09013730292198906;0.1017495145729439;9.013730292198906;sim;0.00
2910;SARIMA Mensal (m=30);0.0;0.0;0.0;sim;0.00
2910;ARIMA Simples;0.0;0.0;0.0;sim;0.00
2910;Media Movel (7 dias);0.0;0.0;0.0;sim;0.00
2910;Suavizacao Exponencial;0.2230116302952914;0.2633960264656616;1.8584302524607614;sim;0.00
811080;SARIMA Mensal (m=30);16.0;19.595917942265423;16.666666666666664;nao;13.08
811080;ARIMA Simples;16.0;19.595917942265423;16.666666666666664;nao;13.08
811080;Media Movel (7 dias);16.0;19.595917942265423;16.666666666666664;nao;13.08
811080;Suavizacao Exponencial;15.620403152640442;18.260052133927953;16.53895158745299;nao;13.08
2201;SARIMA Mensal (m=30);26.2;30.230227697896467;37.47233863746746;nao;18.98
2201;ARIMA Simples;26.2;30.230227697896467;37.47233863746746;nao;18.98
2201;Media Movel (7 dias);30.057142857142868;33.62823967146304;42.42795031064721;nao;18.98
2201;Suavizacao Exponencial;25.41430086477726;29.86196024690612;36.612130318041665;nao;18.98
MK447;SARIMA Mensal (m=30);0.0;0.0;0.0;sim;0.00
MK447;ARIMA Simples;0.0;0.0;0.0;sim;0.00
MK447;Media Movel (7 dias);0.0;0.0;0.0;sim;0.00
MK447;Suavizacao Exponencial;0.23823052472752462;0.3051189509112677;2.1657320429774964;sim;0.00
2205;SARIMA Mensal (m=30);29.1;33.91902121229326;59.70981481934935;nao;27.74
2205;ARIMA Simples;29.1;33.91902121229326;59.70981481934935;nao;27.74
2205;Media Movel (7 dias);32.95714285714287;37.280869964448556;66.33372418973711;nao;27.74
2205;Suavizacao Exponencial;27.53017120531369;33.22372190521933;57.92456408021048;nao;27.74
MK390;SARIMA Mensal (m=30);1.8333333333333333;1.8708286933869707;18.181818181818183;nao;3.73
MK390;ARIMA Simples;1.8333333333333333;1.8708286933869707;18.181818181818183;nao;3.73
MK390;Media Movel (7 dias);1.8333333333333333;1.8708286933869707;18.181818181818183;nao;3.73
MK390;Suavizacao Exponencial;1.5417995610655673;1.6816933329755748;15.340228945158735;nao;3.73
10656;SARIMA Mensal (m=30);0.0;0.0;0.0;sim;0.00
10656;ARIMA Simples;0.0;0.0;0.0;sim;0.00
10656;Media Movel (7 dias);0.0;0.0;0.0;sim;0.00
10656;Suavizacao Exponencial;0.49505644221701695;0.5514494144054659;1.9802257688680676;sim;0.00
MK362;SARIMA Mensal (m=30);24.633333630535155;27.37578031719783;246.58119903368606;nao;69.94
MK362;ARIMA Simples;24.633333630535155;27.37578031719783;246.58119903368606;nao;69.94
MK362;Media Movel (7 dias);24.633333333333333;27.37578004976905;246.5811965811966;nao;69.94
MK362;Suavizacao Exponencial;24.45256290421381;27.198561065621984;245.292947259433;nao;69.94
MK326;SARIMA Mensal (m=30);28.566666666666666;34.6135811496008;15.024135277466726;nao;9.63
MK326;ARIMA Simples;28.566666666666666;34.6135811496008;15.024135277466726;nao;9.63
MK326;Media Movel (7 dias);32.85238095238093;38.22727416120482;17.121839872192563;nao;9.63
MK326;Suavizacao Exponencial;31.82377727923587;37.637675663869146;16.624190178357594;nao;9.63
7437;SARIMA Mensal (m=30);0.0;0.0;0.0;sim;0.00
7437;ARIMA Simples;0.0;0.0;0.0;sim;0.00
7437;Media Movel (7 dias);0.0;0.0;0.0;sim;0.00
7437;Suavizacao Exponencial;0.07853886911580507;0.10433203703284864;1.5707773823161013;sim;0.00
792502;SARIMA Mensal (m=30);0.0;0.0;0.0;sim;0.00
792502;ARIMA Simples;0.0;0.0;0.0;sim;0.00
792502;Media Movel (7 dias);0.0;0.0;0.0;sim;0.00
792502;Suavizacao Exponencial;0.09931454210759706;0.10913765173611888;3.3104847369199017;sim;0.00
MK423-1;SARIMA Mensal (m=30);0.06471842102305081;0.07412528122164337;3.2359210511525403;sim;0.00
MK423-1;ARIMA Simples;0.06471842102305081;0.07412528122164337;3.2359210511525403;sim;0.00
MK423-1;Media Movel (7 dias);0.0;0.0;0.0;sim;0.00
MK423-1;Suavizacao Exponencial;0.025338288573450878;0.029789211152223608;1.2669144286725438;sim;0.00
791939;SARIMA Mensal (m=30);0.4;0.6324555320336759;10.0;nao;10.83
791939;ARIMA Simples;0.4;0.6324555320336759;10.0;nao;10.83
791939;Media Movel (7 dias);0.4;0.6324555320336759;10.0;nao;10.83
791939;Suavizacao Exponencial;0.4409541667006219;0.6305267560466176;10.775324983803264;nao;10.83
MK382;SARIMA Mensal (m=30);1.4;1.6733200530681511;10.787545787545787;nao;6.85
MK382;ARIMA Simples;1.4;1.6733200530681511;10.787545787545787;nao;6.85
MK382;Media Movel (7 dias);1.9714285714285709;2.1740585576853486;15.008023722309439;nao;6.85
MK382;Suavizacao Exponencial;1.2233679460745674;1.5556926725160756;9.432306492858626;nao;6.85
2854;SARIMA Mensal (m=30);0.0;0.0;0.0;sim;0.00
2854;ARIMA Simples;0.0;0.0;0.0;sim;0.00
2854;Media Movel (7 dias);0.0;0.0;0.0;sim;0.00
2854;Suavizacao Exponencial;0.16914111538384083;0.20766406364163217;2.1142639422980105;sim;0.00
791304;SARIMA Mensal (m=30);0.0;0.0;0.0;sim;0.00
791304;ARIMA Simples;0.0;0.0;0.0;sim;0.00
791304;Media Movel (7 dias);0.0;0.0;0.0;sim;0.00
791304;Suavizacao Exponencial;0.03892508427433044;0.04915407628274253;0.4325009363814494;sim;0.00
MK448;SARIMA Mensal (m=30);0.0;0.0;0.0;sim;0.00
MK448;ARIMA Simples;0.0;0.0;0.0;sim;0.00
MK448;Media Movel (7 dias);0.0;0.0;0.0;sim;0.00
MK448;Suavizacao Exponencial;0.18892365305123532;0.23456259187716944;2.698909329303362;sim;0.00
MK441;SARIMA Mensal (m=30);0.0;0.0;0.0;sim;0.00
MK441;ARIMA Simples;0.0;0.0;0.0;sim;0.00
MK441;Media Movel (7 dias);0.0;0.0;0.0;sim;0.00
MK441;Suavizacao Exponencial;0.17232230766271575;0.21396782437949524;1.9146923073635087;sim;0.00
2895;SARIMA Mensal (m=30);0.0;0.0;0.0;sim;0.00
2895;ARIMA Simples;0.0;0.0;0.0;sim;0.00
2895;Media Movel (7 dias);0.0;0.0;0.0;sim;0.00
2895;Suavizacao Exponencial;0.11291902156808034;0.13327579901760145;2.2583804313616067;sim;0.00
4747;SARIMA Mensal (m=30);0.0;0.0;0.0;sim;0.00
4747;ARIMA Simples;0.0;0.0;0.0;sim;0.00
4747;Media Movel (7 dias);0.0;0.0;0.0;sim;0.00
4747;Suavizacao Exponencial;0.1432266362768699;0.16772501136357165;2.046094803955284;sim;0.00
2759;SARIMA Mensal (m=30);0.0;0.0;0.0;sim;0.00
2759;ARIMA Simples;0.0;0.0;0.0;sim;0.00
2759;Media Movel (7 dias);0.0;0.0;0.0;sim;0.00
2759;Suavizacao Exponencial;0.16573683131201378;0.19404557454937282;5.524561043733792;sim;0.00
811078;SARIMA Mensal (m=30);181.3860424720589;210.47342655658403;1.8153076995311486;nao;168.67
811078;ARIMA Simples;181.3860424720589;210.47342655658403;1.8153076995311486;nao;168.67
811078;Media Movel (7 dias);218.85714285714286;243.23332209956726;17.857142857142847;nao;168.67
811078;Suavizacao Exponencial;182.0381018628388;211.43498325245417;1.945942149092931;nao;168.67
0907;SARIMA Mensal (m=30);0.7666666666666667;0.8755950357709131;2.072072072072072;nao;1.16
0907;ARIMA Simples;0.7666666666666667;0.8755950357709131;2.072072072072072;nao;1.16
0907;Media Movel (7 dias);0.7666666666666667;0.8755950357709131;2.072072072072072;nao;1.16
0907;Suavizacao Exponencial;0.8537251839934259;1.0335098873467359;2.304707370908105;nao;1.16
MK268;SARIMA Mensal (m=30);2.6;2.792848008753788;15.294117647058824;nao;5.96
MK268;ARIMA Simples;2.6;2.792848008753788;15.294117647058824;nao;5.96
MK268;Media Movel (7 dias);2.7428571428571416;2.9263057437872835;16.11764705882353;nao;5.96
MK268;Suavizacao Exponencial;3.2769098500381024;3.5246170026417474;19.260999984672875;nao;5.96
791676;SARIMA Mensal (m=30);2.033333333333333;3.5449494589721118;8.543478260869565;nao;10.56
791676;ARIMA Simples;2.033333333333333;3.5449494589721118;8.543478260869565;nao;10.56
791676;Media Movel (7 dias);2.033333333333333;3.5449494589721118;8.543478260869565;nao;10.56
791676;Suavizacao Exponencial;2.5073197384896106;3.637462687883731;10.139440285133052;nao;10.56
XK103;SARIMA Mensal (m=30);0.0;0.0;0.0;sim;0.00
XK103;ARIMA Simples;0.0;0.0;0.0;sim;0.00
XK103;Media Movel (7 dias);0.0;0.0;0.0;sim;0.00
XK103;Suavizacao Exponencial;0.07951558299483416;0.09890524037662808;1.987889574870854;sim;0.00
791901;SARIMA Mensal (m=30);0.0;0.0;0.0;sim;0.00
791901;ARIMA Simples;0.0;0.0;0.0;sim;0.00
791901;Media Movel (7 dias);0.0;0.0;0.0;sim;0.00
791901;Suavizacao Exponencial;0.10479049640764447;0.11843856100627094;5.239524820382224;sim;0.00
10841;SARIMA Mensal (m=30);12.366666666666667;15.65779890874406;45.30484782344172;nao;27.41
10841;ARIMA Simples;12.366666666666667;15.65779890874406;45.30484782344172;nao;27.41
10841;Media Movel (7 dias);12.938095238095233;16.11293054078757;47.03466744038745;nao;27.41
10841;Suavizacao Exponencial;11.31590861640196;14.341469971698617;41.558055253346446;nao;27.41
792503;SARIMA Mensal (m=30);0.0;0.0;0.0;sim;0.00
792503;ARIMA Simples;0.0;0.0;0.0;sim;0.00
792503;Media Movel (7 dias);0.0;0.0;0.0;sim;0.00
792503;Suavizacao Exponencial;0.07842470002182995;0.09622363430247224;2.6141566673943317;sim;0.00
790707;SARIMA Mensal (m=30);0.0;0.0;0.0;sim;0.00
790707;ARIMA Simples;0.0;0.0;0.0;sim;0.00
790707;Media Movel (7 dias);0.0;0.0;0.0;sim;0.00
790707;Suavizacao Exponencial;0.09161323802416926;0.10231926782277334;2.2903309506042318;sim;0.00
790772;SARIMA Mensal (m=30);0.0;0.0;0.0;sim;0.00
790772;ARIMA Simples;0.0;0.0;0.0;sim;0.00
790772;Media Movel (7 dias);0.0;0.0;0.0;sim;0.00
790772;Suavizacao Exponencial;0.8637522412684281;1.0367123064142076;14.395870687807138;sim;0.00
MK404;SARIMA Mensal (m=30);4.333333333333333;4.905778905196061;7.296352799220365;nao;3.86
MK404;ARIMA Simples;4.333333333333333;4.905778905196061;7.296352799220365;nao;3.86
MK404;Media Movel (7 dias);5.761904761904767;6.203904848895547;9.654514399203237;nao;3.86
MK404;Suavizacao Exponencial;6.668692326373122;7.376612898855894;11.16958450705995;nao;3.86
2865;SARIMA Mensal (m=30);0.0;0.0;0.0;sim;0.00
2865;ARIMA Simples;0.0;0.0;0.0;sim;0.00
2865;Media Movel (7 dias);0.0;0.0;0.0;sim;0.00
2865;Suavizacao Exponencial;0.272658144559168;0.339076242237409;4.544302409319466;sim;0.00
899515;SARIMA Mensal (m=30);3.0;3.444802848737017;8.101573233152179;nao;4.53
899515;ARIMA Simples;3.0;3.444802848737017;8.101573233152179;nao;4.53
899515;Media Movel (7 dias);3.2857142857142834;3.696293418279128;8.85489430097902;nao;4.53
899515;Suavizacao Exponencial;3.21451775758062;3.606508515360841;8.633354866645963;nao;4.53
2796;SARIMA Mensal (m=30);0.0;0.0;0.0;sim;0.00
2796;ARIMA Simples;0.0;0.0;0.0;sim;0.00
2796;Media Movel (7 dias);0.0;0.0;0.0;sim;0.00
2796;Suavizacao Exponencial;0.10503560441088625;0.13597464031276418;2.6258901102721564;sim;0.00
XK110;SARIMA Mensal (m=30);0.0;0.0;0.0;sim;0.00
XK110;ARIMA Simples;0.0;0.0;0.0;sim;0.00
XK110;Media Movel (7 dias);0.0;0.0;0.0;sim;0.00
XK110;Suavizacao Exponencial;0.13492966738231169;0.15510892310053098;1.927566676890167;sim;0.00
MK366;SARIMA Mensal (m=30);0.0;0.0;0.0;sim;0.00
MK366;ARIMA Simples;0.0;0.0;0.0;sim;0.00
MK366;Media Movel (7 dias);0.0;0.0;0.0;sim;0.00
MK366;Suavizacao Exponencial;0.11539029464418217;0.12869931327100997;3.846343154806073;sim;0.00
1079;SARIMA Mensal (m=30);0.0;0.0;0.0;sim;0.00
1079;ARIMA Simples;0.0;0.0;0.0;sim;0.00
1079;Media Movel (7 dias);0.0;0.0;0.0;sim;0.00
1079;Suavizacao Exponencial;0.18959175284758797;0.22217036877479246;4.739793821189699;sim;0.00
MK361;SARIMA Mensal (m=30);0.0;0.0;0.0;sim;0.00
MK361;ARIMA Simples;0.0;0.0;0.0;sim;0.00
MK361;Media Movel (7 dias);0.0;0.0;0.0;sim;0.00
MK361;Suavizacao Exponencial;0.07367024554957483;0.09316628182749423;2.455674851652494;sim;0.00
1259;SARIMA Mensal (m=30);0.0;0.0;0.0;sim;0.00
1259;ARIMA Simples;0.0;0.0;0.0;sim;0.00
1259;Media Movel (7 dias);0.0;0.0;0.0;sim;0.00
1259;Suavizacao Exponencial;0.21083547256737456;0.2761747700250765;4.216709451347492;sim;0.00
792430;SARIMA Mensal (m=30);0.06666666666666667;0.2581988897471611;0.0;nao;27.18
792430;ARIMA Simples;0.06666666666666667;0.2581988897471611;0.0;nao;27.18
792430;Media Movel (7 dias);0.06666666666666667;0.2581988897471611;0.0;nao;27.18
792430;Suavizacao Exponencial;0.23390810248272367;0.34591301058813173;17.91133013888863;nao;27.18
791091;SARIMA Mensal (m=30);0.5813190311996663;0.6693892447716849;58.13190311996663;sim;0.00
791091;ARIMA Simples;0.5813190311996663;0.6693892447716849;58.13190311996663;sim;0.00
791091;Media Movel (7 dias);0.0;0.0;0.0;sim;0.00
791091;Suavizacao Exponencial;0.7810379056291494;0.8661839330082853;78.10379056291494;sim;0.00
10801;SARIMA Mensal (m=30);0.0;0.0;0.0;sim;0.00
10801;ARIMA Simples;0.0;0.0;0.0;sim;0.00
10801;Media Movel (7 dias);0.0;0.0;0.0;sim;0.00
10801;Suavizacao Exponencial;0.13793489553674038;0.15161030930534375;2.7586979107348077;sim;0.00
10827;SARIMA Mensal (m=30);0.41807611240242526;0.479528922029276;5.9725158914632175;sim;0.00
10827;ARIMA Simples;0.41807611240242526;0.479528922029276;5.9725158914632175;sim;0.00
10827;Media Movel (7 dias);0.0;0.0;0.0;sim;0.00
10827;Suavizacao Exponencial;0.25013240773348694;0.2639089874208318;3.573320110478385;sim;0.00
2822;SARIMA Mensal (m=30);0.0;0.0;0.0;sim;0.00
2822;ARIMA Simples;0.0;0.0;0.0;sim;0.00
2822;Media Movel (7 dias);0.0;0.0;0.0;sim;0.00
2822;Suavizacao Exponencial;0.13170468817292066;0.15958025184359365;4.390156272430689;sim;0.00
5518;SARIMA Mensal (m=30);0.19415564104756972;0.22237627658273063;9.707782052378485;sim;0.00
5518;ARIMA Simples;0.19415564104756972;0.22237627658273063;9.707782052378485;sim;0.00
5518;Media Movel (7 dias);0.0;0.0;0.0;sim;0.00
5518;Suavizacao Exponencial;0.032380757079137526;0.04238867828859848;1.6190378539568764;sim;0.00
791678;SARIMA Mensal (m=30);0.0;0.0;0.0;sim;0.00
791678;ARIMA Simples;0.0;0.0;0.0;sim;0.00
791678;Media Movel (7 dias);0.0;0.0;0.0;sim;0.00
791678;Suavizacao Exponencial;0.2345444704867955;0.2783721212281276;5.863611762169888;sim;0.00
10821;SARIMA Mensal (m=30);1.5990513633600494;1.750114576137767;22.60553036084498;nao;9.78
10821;ARIMA Simples;1.5990513633600494;1.750114576137767;22.60553036084498;nao;9.78
10821;Media Movel (7 dias);1.6;1.7511900715418263;22.619047619047617;nao;9.78
10821;Suavizacao Exponencial;1.8059048987585513;1.9704099728724538;25.510629724289014;nao;9.78
MK367;SARIMA Mensal (m=30);0.1;0.31622776601683794;1.6666666666666667;nao;4.42
MK367;ARIMA Simples;0.1;0.31622776601683794;1.6666666666666667;nao;4.42
MK367;Media Movel (7 dias);0.1;0.31622776601683794;1.6666666666666667;nao;4.42
MK367;Suavizacao Exponencial;1.1022296183283158;1.2699344070937117;16.00163612682999;nao;4.42
0364;SARIMA Mensal (m=30);0.614822546972931;0.7041873623514928;15.370563674323275;sim;0.00
0364;ARIMA Simples;0.614822546972931;0.7041873623514928;15.370563674323275;sim;0.00
0364;Media Movel (7 dias);0.0;0.0;0.0;sim;0.00
0364;Suavizacao Exponencial;0.09631802207855382;0.12717506846152915;2.4079505519638453;sim;0.00
2861;SARIMA Mensal (m=30);0.0;0.0;0.0;sim;0.00
2861;ARIMA Simples;0.0;0.0;0.0;sim;0.00
2861;Media Movel (7 dias);0.0;0.0;0.0;sim;0.00
2861;Suavizacao Exponencial;0.18369470015957332;0.25397249508525716;1.669951819632485;sim;0.00
4017;SARIMA Mensal (m=30);0.0;0.0;nan;sim;0.00
4017;ARIMA Simples;0.0;0.0;nan;sim;0.00
4017;Media Movel (7 dias);0.0;0.0;nan;sim;0.00
4017;Suavizacao Exponencial;0.0;0.0;nan;sim;0.00
792475;SARIMA Mensal (m=30);0.0;0.0;0.0;sim;0.00
792475;ARIMA Simples;0.0;0.0;0.0;sim;0.00
792475;Media Movel (7 dias);0.0;0.0;0.0;sim;0.00
792475;Suavizacao Exponencial;0.1471635426707548;0.2049364565380732;4.905451422358493;sim;0.00
790723;SARIMA Mensal (m=30);0.8666666666666667;0.9660917830792959;29.999999999999993;nao;13.86
790723;ARIMA Simples;0.8666666666666667;0.9660917830792959;29.999999999999993;nao;13.86
790723;Media Movel (7 dias);0.8666666666666667;0.9660917830792959;29.999999999999993;nao;13.86
790723;Suavizacao Exponencial;0.8759757039337395;0.9781432868435757;30.273595574731786;nao;13.86
10820;SARIMA Mensal (m=30);0.29310493010295086;0.33516242168566535;2.66459027366319;sim;0.00
10820;ARIMA Simples;0.29310493010295086;0.33516242168566535;2.66459027366319;sim;0.00
10820;Media Movel (7 dias);0.0;0.0;0.0;sim;0.00
10820;Suavizacao Exponencial;0.17460826402493682;0.1967083574683231;1.5873478547721531;sim;0.00
10825;SARIMA Mensal (m=30);0.0;0.0;0.0;sim;0.00
10825;ARIMA Simples;0.0;0.0;0.0;sim;0.00
10825;Media Movel (7 dias);0.0;0.0;0.0;sim;0.00
10825;Suavizacao Exponencial;0.25358126811499204;0.3091040648677844;1.4916545183234824;sim;0.00
7267;SARIMA Mensal (m=30);0.3398346901314158;0.38952764695413544;33.98346901314158;sim;0.00
7267;ARIMA Simples;0.2912317356523725;0.33356243809178426;29.12317356523725;sim;0.00
7267;Media Movel (7 dias);0.0;0.0;0.0;sim;0.00
7267;Suavizacao Exponencial;0.08667812048682132;0.10563948818930516;8.667812048682132;sim;0.00
MK433;SARIMA Mensal (m=30);0.0;0.0;0.0;sim;0.00
MK433;ARIMA Simples;0.0;0.0;0.0;sim;0.00
MK433;Media Movel (7 dias);0.0;0.0;0.0;sim;0.00
MK433;Suavizacao Exponencial;0.2851944922788597;0.3854322647863271;2.851944922788596;sim;0.00
0863;SARIMA Mensal (m=30);0.0;0.0;0.0;sim;0.00
0863;ARIMA Simples;0.0;0.0;0.0;sim;0.00
0863;Media Movel (7 dias);0.0;0.0;0.0;sim;0.00
0863;Suavizacao Exponencial;0.16067342447087737;0.2017940707426312;4.016835611771934;sim;0.00
10842;SARIMA Mensal (m=30);0.33518056948042435;0.3854011427164288;3.7242285497824925;sim;0.00
10842;ARIMA Simples;0.33518056948042435;0.3854011427164288;3.7242285497824925;sim;0.00
10842;Media Movel (7 dias);0.0;0.0;0.0;sim;0.00
10842;Suavizacao Exponencial;0.2239223056912291;0.24483754004054584;2.488025618791435;sim;0.00
7361;SARIMA Mensal (m=30);0.0;0.0;0.0;sim;0.00
7361;ARIMA Simples;0.0;0.0;0.0;sim;0.00
7361;Media Movel (7 dias);0.0;0.0;0.0;sim;0.00
7361;Suavizacao Exponencial;0.37483209815507823;0.4821796581184918;5.354744259358262;sim;0.00
MK394;SARIMA Mensal (m=30);1.6333333333333333;1.7224014243685084;31.66666666666667;nao;10.36
MK394;ARIMA Simples;1.6333333333333333;1.7224014243685084;31.66666666666667;nao;10.36
MK394;Media Movel (7 dias);1.6333333333333333;1.7224014243685084;31.66666666666667;nao;10.36
MK394;Suavizacao Exponencial;1.5471733848936577;1.6196456038295084;29.919800216553387;nao;10.36
899001;SARIMA Mensal (m=30);2.1;2.1984843263788196;11.242690058479528;nao;3.50
899001;ARIMA Simples;2.1;2.1984843263788196;11.242690058479528;nao;3.50
899001;Media Movel (7 dias);2.671428571428572;2.749520675604793;14.269702032859938;nao;3.50
899001;Suavizacao Exponencial;2.418485443962453;2.577598421054706;12.947380805858625;nao;3.50
7824;SARIMA Mensal (m=30);0.6917700140174309;0.8774008428081917;6.269771551919566;nao;3.11
7824;ARIMA Simples;1.227382319334876;1.4243929648759395;11.093134584829333;nao;3.11
7824;Media Movel (7 dias);2.5809523809523798;2.603242352970487;23.29004329004328;nao;3.11
7824;Suavizacao Exponencial;0.8134358445756222;1.047237219695922;7.369959450302351;nao;3.11
791288;SARIMA Mensal (m=30);0.23103764556080572;0.321841333188003;2.730909247133231;nao;4.29
791288;ARIMA Simples;0.22671024543520588;0.32214675576465895;2.6845639521778777;nao;4.29
791288;Media Movel (7 dias);0.16666666666666666;0.408248290463863;2.083333333333333;nao;4.29
791288;Suavizacao Exponencial;0.19912032037095298;0.3970062499852027;2.435597214937435;nao;4.29
791680;SARIMA Mensal (m=30);0.6666666666666666;0.816496580927726;16.666666666666664;nao;11.06
791680;ARIMA Simples;0.6666666666666666;0.816496580927726;16.666666666666664;nao;11.06
791680;Media Movel (7 dias);0.6666666666666666;0.816496580927726;16.666666666666664;nao;11.06
791680;Suavizacao Exponencial;0.5927045998049963;0.7178996846761332;14.64167106783773;nao;11.06
790875;SARIMA Mensal (m=30);1.6333333333333333;1.7795130420052185;26.984126984126977;nao;11.28
790875;ARIMA Simples;1.6333333333333333;1.7795130420052185;26.984126984126977;nao;11.28
790875;Media Movel (7 dias);1.6333333333333333;1.7795130420052185;26.984126984126977;nao;11.28
790875;Suavizacao Exponencial;1.504458059021329;1.6489682246927115;24.837156470597087;nao;11.28
792510;SARIMA Mensal (m=30);0.0;0.0;0.0;sim;0.00
792510;ARIMA Simples;0.0;0.0;0.0;sim;0.00
792510;Media Movel (7 dias);0.0;0.0;0.0;sim;0.00
792510;Suavizacao Exponencial;0.25941239627034296;0.30663923434339574;2.1617699689195247;sim;0.00
7266;SARIMA Mensal (m=30);0.0;0.0;0.0;sim;0.00
7266;ARIMA Simples;0.0;0.0;0.0;sim;0.00
7266;Media Movel (7 dias);0.0;0.0;0.0;sim;0.00
7266;Suavizacao Exponencial;0.17820942149831034;0.24019858100230765;17.820942149831033;sim;0.00
0902-1;SARIMA Mensal (m=30);0.0;0.0;0.0;sim;0.00
0902-1;ARIMA Simples;0.0;0.0;0.0;sim;0.00
0902-1;Media Movel (7 dias);0.0;0.0;0.0;sim;0.00
0902-1;Suavizacao Exponencial;0.03486761515328802;0.04822022628175307;1.743380757664401;sim;0.00
2976;SARIMA Mensal (m=30);3.8;4.774934554525329;15.200000000000005;nao;10.81
2976;ARIMA Simples;3.8;4.774934554525329;15.200000000000005;nao;10.81
2976;Media Movel (7 dias);3.8;4.774934554525329;15.200000000000005;nao;10.81
2976;Suavizacao Exponencial;4.160915937785248;5.094405055164186;16.553550319599857;nao;10.81
790708;SARIMA Mensal (m=30);0.7333333333333333;0.9660917830792959;3.0917874396135256;nao;2.64
790708;ARIMA Simples;0.7333333333333333;0.9660917830792959;3.0917874396135256;nao;2.64
790708;Media Movel (7 dias);0.7333333333333333;0.9660917830792959;3.0917874396135256;nao;2.64
790708;Suavizacao Exponencial;3.191423845687777;3.4223148043261733;13.108811622986588;nao;2.64
MK181;SARIMA Mensal (m=30);0.0;0.0;0.0;sim;0.00
MK181;ARIMA Simples;0.0;0.0;0.0;sim;0.00
MK181;Media Movel (7 dias);0.0;0.0;0.0;sim;0.00
MK181;Suavizacao Exponencial;0.1873318804295784;0.21967423272257725;9.366594021478921;sim;0.00
Mk231;SARIMA Mensal (m=30);0.0;0.0;0.0;sim;0.00
Mk231;ARIMA Simples;0.0;0.0;0.0;sim;0.00
Mk231;Media Movel (7 dias);0.0;0.0;0.0;sim;0.00
Mk231;Suavizacao Exponencial;0.17364049571424517;0.22827723559483717;2.894008261904086;sim;0.00
2971;SARIMA Mensal (m=30);0.0;0.0;0.0;sim;0.00
2971;ARIMA Simples;0.0;0.0;0.0;sim;0.00
2971;Media Movel (7 dias);0.0;0.0;0.0;sim;0.00
2971;Suavizacao Exponencial;0.8272616044161685;0.9869062093503349;6.363550803201296;sim;0.00
1176-2;SARIMA Mensal (m=30);0.0;0.0;nan;sim;0.00
1176-2;ARIMA Simples;0.0;0.0;nan;sim;0.00
1176-2;Media Movel (7 dias);0.0;0.0;nan;sim;0.00
1176-2;Suavizacao Exponencial;0.00015898222198355226;0.0008707814922268528;nan;sim;0.00
1354-2;SARIMA Mensal (m=30);0.0;0.0;nan;sim;0.00
1354-2;ARIMA Simples;0.0;0.0;nan;sim;0.00
1354-2;Media Movel (7 dias);0.0;0.0;nan;sim;0.00
1354-2;Suavizacao Exponencial;0.0;0.0;nan;sim;0.00
2857;SARIMA Mensal (m=30);0.0;0.0;0.0;sim;0.00
2857;ARIMA Simples;0.0;0.0;0.0;sim;0.00
2857;Media Movel (7 dias);0.5714285714285711;0.5714285714285713;14.285714285714276;sim;0.00
2857;Suavizacao Exponencial;0.30835825181897947;0.3832199612740369;7.708956295474486;sim;0.00
792528;SARIMA Mensal (m=30);0.6666666666666666;1.1547005383792515;6.666666666666667;nao;8.46
792528;ARIMA Simples;0.6666666666666666;1.1547005383792515;6.666666666666667;nao;8.46
792528;Media Movel (7 dias);1.5238095238095246;1.7918940687835034;14.285714285714288;nao;8.46
792528;Suavizacao Exponencial;0.8669964706951218;1.2720201584037591;8.417760051284539;nao;8.46
811076;SARIMA Mensal (m=30);8.0;21.908902300206645;44.44444444444445;nao;29.64
811076;ARIMA Simples;8.0;21.908902300206645;44.44444444444445;nao;29.64
811076;Media Movel (7 dias);42.28571428571429;46.947647786157106;107.93650793650794;nao;29.64
811076;Suavizacao Exponencial;11.63946128842055;23.477014653408173;50.88080073408842;nao;29.64
2080;SARIMA Mensal (m=30);0.07174461252906994;0.08217273375629816;1.4348922505813988;sim;0.00
2080;ARIMA Simples;0.07174461252906994;0.08217273375629816;1.4348922505813988;sim;0.00
2080;Media Movel (7 dias);0.0;0.0;0.0;sim;0.00
2080;Suavizacao Exponencial;0.1426840637344052;0.19871140791375566;2.8536812746881046;sim;0.00
791840;SARIMA Mensal (m=30);1.4;1.7888543819998317;30.0;nao;20.22
791840;ARIMA Simples;1.4;1.7888543819998317;30.0;nao;20.22
791840;Media Movel (7 dias);1.5428571428571436;1.902737018945421;32.65306122448981;nao;20.22
791840;Suavizacao Exponencial;1.174870649616324;1.538983589632553;24.61970948043472;nao;20.22
899507;SARIMA Mensal (m=30);16.066666666666666;20.220451692943623;28.05346582627054;nao;18.66
899507;ARIMA Simples;16.066666666666666;20.220451692943623;28.05346582627054;nao;18.66
899507;Media Movel (7 dias);18.638095238095232;22.318321688540944;32.020698846705784;nao;18.66
899507;Suavizacao Exponencial;19.003043961655024;22.348517440135666;32.41136702091155;nao;18.66
MK425;SARIMA Mensal (m=30);0.0;0.0;nan;sim;0.00
MK425;ARIMA Simples;0.0;0.0;nan;sim;0.00
MK425;Media Movel (7 dias);0.0;0.0;nan;sim;0.00
MK425;Suavizacao Exponencial;0.16387669208296626;0.31008404577517;nan;sim;0.00
MK402;SARIMA Mensal (m=30);0.13333333333333333;0.3651483716701107;6.666666666666667;nao;12.06
MK402;ARIMA Simples;0.13333333333333333;0.3651483716701107;6.666666666666667;nao;12.06
MK402;Media Movel (7 dias);0.13333333333333333;0.3651483716701107;6.666666666666667;nao;12.06
MK402;Suavizacao Exponencial;0.32379945378934827;0.43872949772287495;13.038041044422991;nao;12.06
899551;SARIMA Mensal (m=30);3.3333333333333335;5.773502691896258;9.52380952380952;nao;11.51
899551;ARIMA Simples;3.3333333333333335;5.773502691896258;9.52380952380952;nao;11.51
899551;Media Movel (7 dias);3.3333333333333335;5.773502691896258;9.52380952380952;nao;11.51
899551;Suavizacao Exponencial;4.941858723989593;6.15672076386835;13.079833537618407;nao;11.51
792427;SARIMA Mensal (m=30);1.0666666666666667;1.4142135623730951;2.4179782319317207;nao;2.10
792427;ARIMA Simples;1.0666666666666667;1.4142135623730951;2.4179782319317207;nao;2.10
792427;Media Movel (7 dias);1.638095238095236;1.8829705869430118;3.690251253446396;nao;2.10
792427;Suavizacao Exponencial;1.738756937291544;2.1248123511861894;3.9030613058265606;nao;2.10
2817;SARIMA Mensal (m=30);0.1731516202351361;0.19655314885861982;4.328790505878403;sim;0.00
2817;ARIMA Simples;0.0;0.0;0.0;sim;0.00
2817;Media Movel (7 dias);0.0;0.0;0.0;sim;0.00
2817;Suavizacao Exponencial;0.6457483476598338;0.8455891727681656;16.143708691495846;sim;0.00
MK421;SARIMA Mensal (m=30);0.0;0.0;0.0;sim;0.00
MK421;ARIMA Simples;0.0;0.0;0.0;sim;0.00
MK421;Media Movel (7 dias);0.0;0.0;0.0;sim;0.00
MK421;Suavizacao Exponencial;0.46975488921208813;0.5621972471016832;11.743872230302204;sim;0.00
MK416;SARIMA Mensal (m=30);0.0;0.0;0.0;sim;0.00
MK416;ARIMA Simples;0.0;0.0;0.0;sim;0.00
MK416;Media Movel (7 dias);0.0;0.0;0.0;sim;0.00
MK416;Suavizacao Exponencial;0.18213398171630527;0.22757806321266005;3.6426796343261056;sim;0.00
MK360;SARIMA Mensal (m=30);0.46666666666666706;1.1547005383792517;7.692307692307708;nao;42.40
MK360;ARIMA Simples;0.46666666666666706;1.1547005383792517;7.692307692307708;nao;42.40
MK360;Media Movel (7 dias);1.3238095238095235;1.6935250842205893;38.46153846153847;nao;42.40
MK360;Suavizacao Exponencial;0.9879079658321681;1.3867318013529901;27.948248713195834;nao;42.40
7460;SARIMA Mensal (m=30);14.674454871069084;15.78758904570507;21.305785061743773;nao;32.37
7460;ARIMA Simples;14.674454871069084;15.78758904570507;21.305785061743773;nao;32.37
7460;Media Movel (7 dias);44.4904761904762;51.801235769148256;77.61574539309551;nao;32.37
7460;Suavizacao Exponencial;38.86412272002739;49.81774483304974;72.20294269033172;nao;32.37
MK405;SARIMA Mensal (m=30);12.133333333333333;12.780193008453876;489.0708325490935;nao;105.60
MK405;ARIMA Simples;12.133333333333333;12.780193008453876;489.0708325490935;nao;105.60
MK405;Media Movel (7 dias);16.990476190476183;17.45828848239981;667.8959067157825;nao;105.60
MK405;Suavizacao Exponencial;13.953795676249525;15.131350205610607;546.4143932695195;nao;105.60
MK380;SARIMA Mensal (m=30);11.1;12.605554331325537;27.20886233780459;nao;13.53
MK380;ARIMA Simples;11.1;12.605554331325537;27.20886233780459;nao;13.53
MK380;Media Movel (7 dias);11.1;12.605554331325537;27.20886233780459;nao;13.53
MK380;Suavizacao Exponencial;8.02148691105986;10.695272214781816;20.438680421460457;nao;13.53
790694;SARIMA Mensal (m=30);4.769659011830209;5.463452656441988;42.87341051432916;nao;4.23
790694;ARIMA Simples;2.0419291745036094;2.427662277332972;18.36015006218732;nao;4.23
790694;Media Movel (7 dias);0.6666666666666666;0.816496580927726;6.060606060606059;nao;4.23
790694;Suavizacao Exponencial;2.422652253270428;2.903503270648559;21.48239488581148;nao;4.23
